UI_20150317_000001	{@st41b}Изучение атрибутов{nl}от Наставников каждого класса.{/}
UI_20150317_000002	{@st43}Список {/}
UI_20150317_000003	{@st59}Закрыть {/}
UI_20150317_000004	{@st43}Изучить атрибут{/}
UI_20150317_000005	{@st59}Закрыть окно атрибутов{/}
UI_20150317_000006	{@st41b}Деньги{/}
UI_20150317_000007	Мои Достижения
UI_20150317_000008	Рейтинг Сервера
UI_20150317_000009	{@st59}Есть неожиданное событие.{/}
UI_20150317_000010	{@st59}Есть новое сообщение Помощи{/}
UI_20150317_000011	{@st41}Какой тип стрел вы хотите создать?{/}
UI_20150317_000012	{@st41b}Один{/}
UI_20150317_000013	{@st41b}Все{/}
UI_20150317_000014	{@St41b}Пауза{/}
UI_20150317_000015	{@St43}Журнал приключений{/}
UI_20150317_000016	{@St43}Аукцион{/}
UI_20150317_000017	{@St59}Закрыть Аукцион{/}
UI_20150317_000018	{@St41b}Предметов Продано : %s ea, Предметов На продажу : %s ea{/}
UI_20150317_000019	{@St43}{s22}Item Auction{/}
UI_20150317_000020	{@st59}Закрыть информацию о Квесте{/}
UI_20150317_000021	Abe осталось дней
UI_20150317_000022	{@St41b}Оставшееся время
UI_20150317_000023	3 часа 16 минут
UI_20150317_000024	{@St41b}Начальная цена
UI_20150317_000025	{@St41b}Ставки
UI_20150317_000026	{@St41b}Текущая цена
UI_20150317_000027	{@St41b}Цена моментальной покупки
UI_20150317_000028	{@St41b}Минимальный шаг ставки {@st57}%s{@st41b}Silver{/}
UI_20150317_000029	{@St41b}Сделать ставку{/}
UI_20150317_000030	{@St43b}Купить сейчас!{nl}{img icon_item_silver 20 20}{@st57}%s{/}
UI_20150317_000031	{@St44}Настройки Разрешений{/}
UI_20150317_000032	{@St45}Имя:%s{/}
UI_20150317_000033	{@St45}Склад группы{/}
UI_20150317_000034	{@St49}Ни один
UI_20150317_000035	{@St49}Вставить
UI_20150317_000036	{@St49}Импортировать
UI_20150317_000037	{@St45}Обзор{/}
UI_20150317_000038	{@St49}Создать
UI_20150317_000039	{@St49}Удалить
UI_20150317_000040	{@St44}Сохранить{/}
UI_20150317_000041	{@St44}Отмена{/}
UI_20150317_000042	{@St43}{s22}Выбор прически{/}
UI_20150317_000043	{@st59}Предыдущая прическа{/}
UI_20150317_000044	{@St59}Следующая прическа{/}
UI_20150317_000045	{@st41b} Изменить {s18} (Coins 100 required) {/}
UI_20150317_000046	{@St59}Изменить на выбранную прическу.{/}
UI_20150317_000047	{@St41}Отмена
UI_20150317_000048	{@st43}Черный рынок{/}
UI_20150317_000049	НАзвание Книги
UI_20150317_000050	{@St59}Перестать читать{/}
UI_20150317_000051	{@st59}Предыдущая Страница{/}
UI_20150317_000052	{@st59}Следующая Страница{/}
UI_20150317_000053	{@st47}%s появилость!
UI_20150317_000054	{@st43}Очки{/}
UI_20150317_000055	Урона получено
UI_20150317_000056	Бонус Техники
UI_20150317_000057	Бонус Уворота
UI_20150317_000058	Сбросить время
UI_20150317_000059	Итоговый счет
UI_20150317_000060	{@st42}Потраченное время
UI_20150317_000061	10 минут
UI_20150317_000062	10 секунд
UI_20150317_000063	{@st44}Выполнить
UI_20150317_000064	{@st59}Закрыть Лавку благословений{/}
UI_20150317_000065	{@st43}Открыть Лавку благословений
UI_20150317_000066	Название Лавки благословений
UI_20150317_000067	{@st43}Создать
UI_20150317_000068	{@st43}Отмена
UI_20150317_000069	Открытие Лавки благословений
UI_20150317_000070	{@st59}Закрыть окно Лавки благословений.
UI_20150317_000071	{@st59}Лавка благословений{nl} - Вы можете получить благословение от другого игрока заплатив Серебро.
UI_20150317_000072	Меню транспорта
UI_20150317_000073	{ol}{s22}Высадиться{/}
UI_20150317_000074	Casting
UI_20150317_000075	{@st43}Игровые Настройки{/}
UI_20150317_000076	{@st64}Используйте кнопки стрелок, чтобы выбрать ячейку!
UI_20150317_000077	{@st43}Дополнительная информация {/}
UI_20150317_000078	{@st43}Выбрать Класс
UI_20150317_000079	Психокинетик
UI_20150317_000080	{@st42}%s Круг {/}
UI_20150317_000081	Сколько Кругов
UI_20150317_000082	Показывает краткое описание Класса.
UI_20150317_000083	{@st41b}Атака {@sti7}%s{/}
UI_20150317_000084	{@st41b}Поддержка {@sti7}%s{/}
UI_20150317_000085	{@st41b}Сложность{@sti7}%s{/}
UI_20150317_000086	{@st59}Закрыть окно Информации о Классе{/}
UI_20150317_000087	Оповещение о Продвижении
UI_20150317_000088	{@st43} Продвижение
UI_20150317_000089	{@sti7}{s14} Персонаж {/}
UI_20150317_000090	{@sti8}{s14} Класс {/}
UI_20150317_000091	{@st44}Чат{/}
UI_20150317_000092	Кому: WWWWWWWW и 1 другому
UI_20150317_000093	Общий: /s сообщение {nl} глобальный: /y сообщение {nl} Группа: /p сообщение{nl} Шепот: /w имя команды сообщение
UI_20150317_000094	{@st41}Нормальный сообщение{/}
UI_20150317_000095	{@59}Выход{/}
UI_20150317_000096	{@59}Пригласить{/}
UI_20150317_000097	{@st59}ВСЕ{/}
UI_20150317_000098	{@st59}Общий (/s chat){/}
UI_20150317_000099	{@st59}Глобальный (/y chat){/}
UI_20150317_000100	{@st59}Группа (/p chat){/}
UI_20150317_000101	{@st59} Шепот (/ w название барака, сообщение) {/}
UI_20150317_000102	{@st59}Изменение окна чата{/}
UI_20150317_000103	{@st43}{s22}Макросы чата{/}
UI_20150317_000104	{@st43}Макросы{/}
UI_20150317_000105	{@st59b} Макросы {nl} {@st59s} - Как использовать: {nl} 1. Закрепите иконку жеста в ячейке ниже {nl} 2. Запишите вашу фразу и сохраните {nl} 3. Используйте сочетание клавиш для совместного ипользования фразы и жеста {/}
UI_20150317_000106	{@st59}Закрыть макросы{/}
UI_20150317_000107	{@st41b} Сохранить {/}
UI_20150317_000108	{@st59}Сохранить настройки контента{/}
UI_20150317_000109	{@st41b} Отмена {/}
UI_20150317_000110	{@st59}Сбросить настройки контента{/}
UI_20150317_000111	{@st42}Настройки чата
UI_20150317_000112	{@st42}Прозрачность
UI_20150317_000113	Показывать речь над персонажем
UI_20150317_000114	Отображать Глобальный чат в верху экрана 
UI_20150317_000115	{@st43}Cheat List{/}
UI_20150317_000116	{@st42b}Предмет{/}
UI_20150317_000117	 {@st42b}Монстр{/}
UI_20150317_000118	{@st42b}Двигать карту{/}
UI_20150317_000119	{@st42b}Боевой приказ{/}
UI_20150317_000120	{@st41b}Закрыть{/}
UI_20150317_000121	{s16}{b}Кликните дважды или нажмите "Создать" для создания предметов.
UI_20150317_000122	{s16}{b}ea
UI_20150317_000123	{s16}{b}Lv.
UI_20150317_000124	{@st41b}Поиск{/}
UI_20150317_000125	{s16}{b}Кликните дважды или нажмите "Создать" для призыва монстров.
UI_20150317_000126	{s16}{b}ea
UI_20150317_000127	{s16}{b}Выберите желаемую локацию.
UI_20150317_000128	{s18}{b}Показывать мини-карту{/}
UI_20150317_000129	{@st41b}Список инструментов{/}
UI_20150317_000130	Коллекция {@st59b} {nl} {@st59s} - If you collect the items saved my collection deck games can collect the item {nl}   - If you use shortcut keys to activate the collection item collection deck {nl} {/}
UI_20150317_000131	{@st59}Закрыть информацию о Коллекции{/}
UI_20150317_000132	{@st43}Коллекция{/}
UI_20150317_000133	{@st43}Цветной спрей{/}
UI_20150317_000134	{@st49}Цветной спрей{/}
UI_20150317_000135	{@st49}Цвет{/}
UI_20150317_000136	{@st49}Осталось{/}
UI_20150317_000137	{@st49}Кисть{/}
UI_20150317_000138	{@st49}{a END_EDIT_SPRAY}Рисовать{/}{/}
UI_20150317_000139	{@st49}{a SAVE_EDIT_SPRAY}Сохранить{/}{/}
UI_20150317_000140	{@st49}{a LOAD_EDIT_SPRAY}Импортировать{/}{/}
UI_20150317_000141	{@st49}Закрыть{/}
UI_20150317_000142	{@st43} Выбор Компаньона
UI_20150317_000143	{@st59} Введите имя, чтобы получить компаньона {/}
UI_20150317_000144	{@st41b}Название{/}
UI_20150317_000145	{@st41b}Цена %s{/}
UI_20150317_000146	{@st59} close companion Moth pre-sale window {/}
UI_20150317_000147	{@st41b}Выбрать
UI_20150317_000148	{@st59}Подтвердить выбор {/}
UI_20150317_000149	{@st43}Магазин Компаньонов
UI_20150317_000150	{@st59}Закрыть агазин Компаньонов{/}
UI_20150317_000151	{@st43}Другая информация о персонаже{/}{@st42}
UI_20150317_000152	{@st59}Закрыть информацию о персонаже{/}
UI_20150317_000153	{@st41b}Информация
UI_20150317_000154	{@st41b}Записать
UI_20150317_000155	Имя Команды
UI_20150317_000156	Имя Персонажа
UI_20150317_000157	{#Ffff00}%s{/}Ранг %s {#ffff00}%s{/}Уровень
UI_20150317_000158	Боец
UI_20150317_000159	Преключение {#ffff00}%s{/} (Rank{#ffff00}%s{/}/%s)
UI_20150317_000160	Преключение {#ffff00}%s{/} ({#ffff00}Unranked{/})
UI_20150317_000161	Достижения {#ffff00}%s{/}ea
UI_20150317_000162	Настройки
UI_20150317_000163	Сотрите название вкладки для ее удаления.
UI_20150317_000164	{@st49}ВСЕ{/}
UI_20150317_000165	{@st49}Система{/}
UI_20150317_000166	{@st49}Диалоги{/}
UI_20150317_000167	{@st49}Битва{/}
UI_20150317_000168	{@st49}Предметы{/}
UI_20150317_000169	{@st43}Титры{/}
UI_20150317_000170	{@st43}Цель зафиксирована {/}
UI_20150317_000171	Имя NPC
UI_20150317_000172	Сравнить
UI_20150317_000173	Картинка
UI_20150317_000174	Выбрать беседу
UI_20150317_000175	Помощь по тексту
UI_20150317_000176	{@st41}Создать Предметы{/}
UI_20150317_000177	{@st45tw2}Изготовление предмета...
UI_20150317_000178	%r секунд
UI_20150317_000179	{@st41}Отмена{/}
UI_20150317_000180	{@st45tw2}Количество{/}
UI_20150317_000181	{@st45tw2}Вы хотите создать предмет?
UI_20150317_000182	{@st41}Решать{/}
UI_20150317_000183	Информация о задании
UI_20150317_000184	{@st59}Отменить торговлю{/}
UI_20150317_000185	{@st43}Личная торговля{/}
UI_20150317_000186	Мой список сделок
UI_20150317_000187	Серебро : %s
UI_20150317_000188	Ввод
UI_20150317_000189	{@st41}Принять
UI_20150317_000190	{@st41}Подтвердить
UI_20150317_000191	Список сделок другого персонажа(%s)
UI_20150317_000192	Имя другого персонажа
UI_20150317_000193	{s18}{ol} {gr gradation1}Событие локации{/}
UI_20150317_000194	{s20}{ol}Победить Vubbe Tribe! Хотите присоединиться?
UI_20150317_000195	{s20}{ol}%s Хотите присоединиться?
UI_20150317_000196	{s20}{ol}Участники: (1/5)
UI_20150317_000197	{s20}{ol}Участники : (%s/%s)
UI_20150317_000198	{s20}{ol}Игра начнется через 1 секунду.
UI_20150317_000199	{s20}{ol}Игра начнется через %s секунд.
UI_20150317_000200	Не показывать днем.
UI_20150317_000201	Не показывать Локальные События.
UI_20150317_000202	Присоединиться к игре
UI_20150317_000203	Начать игру с другими игроками.
UI_20150317_000204	Не присоединяться к игре.
UI_20150317_000205	Предустановки Распылителя
UI_20150317_000206	{@st49}Выбрать{/}
UI_20150317_000207	{@st49}Отмена{/}
UI_20150317_000208	{@st49}Удалить{/}
UI_20150317_000209	Введите название файла для сохранения.
UI_20150317_000210	{@st43}Друзья
UI_20150317_000211	{@st59}Закрыть список Друзей{/}
UI_20150317_000212	{@st59b} Друг {nl} {@st59s} - Подружитесь с другими игроками {nl} - Проверить статусы друзей можно во вкладке "Список" {nl} - Приглашать, Отклонять приглашения и Блокировать можно во вкладке "Управление" {/}
UI_20150317_000213	{@st41b}Показывать только тех, кто в сети{/}
UI_20150317_000214	{@st41b}Список
UI_20150317_000215	{@st41b}Управление
UI_20150317_000216	{@st41b}Послать запрос Дружбы
UI_20150317_000217	{@st41b}Блокировать
UI_20150317_000218	{@st59}Искать{/}
UI_20150317_000219	{@st44}Гильдия{/}
UI_20150317_000220	Гильдия
UI_20150317_000221	Список
UI_20150317_000222	Новости
UI_20150317_000223	Миссия Гильдии
UI_20150317_000224	Участники в сети
UI_20150317_000225	{@st44}Создать Гильдию{/}
UI_20150317_000226	{@st42}Создать{/}
UI_20150317_000227	{@st42}Закрыть{/}
UI_20150317_000228	{@st42}Все{/}
UI_20150317_000229	{@st42}Рейтинг за день{/}
UI_20150317_000230	{@st42}Рейтинг за неделю{/}
UI_20150317_000231	{@st56} Ранг {/}
UI_20150317_000232	{@st56}Очки{/}
UI_20150317_000233	{@st56}Класс{/}
UI_20150317_000234	{@st56} Имя {/}
UI_20150317_000235	Предыдущая страница
UI_20150317_000236	Следующая страница
UI_20150317_000237	{@st42}Поиск ID{/}
UI_20150317_000238	Введите ID для поиска
UI_20150317_000239	Закрыть Зал Славы
UI_20150317_000240	Введите ID для поиска
UI_20150317_000241	{@st59} Выносливость {/}
UI_20150317_000242	{@st43}Раздел помощи{/}
UI_20150317_000243	{@st59}Закрыть Раздел помощи {/}
UI_20150317_000244	{@st59b} Раздел помощи {nl} {@st59s}- Прочитать статью снова {nl}  - Выберите статью для подробного описания {/}
UI_20150317_000245	{@st43}{s22}Помощь{/}
UI_20150317_000246	{@st47_b}{b}Статьи Раздела Помощь{/}
UI_20150317_000247	{@st42b}Основные подсказки{/}
UI_20150317_000248	{@st59}Посмотреть подробнее{/}
UI_20150317_000249	Пожалуйста, введите количество
UI_20150317_000250	{@st59}Введите содержание{/}
UI_20150317_000251	{@st41b}OK
UI_20150317_000252	{@st59}Подтвердить {/}
UI_20150317_000253	{@st41b}Закрыть
UI_20150317_000254	{@st59}Отмена {/}
UI_20150317_000255	{@st43}Портал{/}
UI_20150317_000256	{@st59}Закрыть окно Портала{/}
UI_20150317_000257	Портал {@st59b} {nl} {@st59s} - Портал поможет переместиться в другую локацию {nl} - При наличии более чем 2 локаций с порталами, порталы активируются {nl} {/}
UI_20150317_000258	{@st41}Текущая локация : %s{/}
UI_20150317_000259	{@st43}{s22}Портал{/}
UI_20150317_000260	{@st41b}Хотите переместиться в эту локацию?{/}
UI_20150317_000261	Что насчет луча Саула
UI_20150317_000262	Монет потрачено : 0
UI_20150317_000263	Вступление
UI_20150317_000264	{@st43}Инвентарь{/}
UI_20150317_000265	{@st59}ЗАкрыть Инвентарь{/}
UI_20150317_000266	Амуниция {@st59b} {nl} {@st59s}-Прическа/Костюм: амуниция для смены внешности {nl} -Оружие: Можно использовать одноручное и двуручное Оружие  {nl} (Вспомогательное оружие/Щит Можно сочетать с одноручным оружием) {nl} -Броня: Доспех, Набедренники, Перчатки, Обувь {nl} -Аксессуары: Можно носить 1 Ожерелье 2 Браслета {nl} {/}
UI_20150317_000267	{@st59}Украшение для волос 1{/}
UI_20150317_000268	{@st59}Украшение для волос 2 {/}
UI_20150317_000269	{@st59}Ожерелье {/}
UI_20150317_000270	{@st59}Костюм{/}
UI_20150317_000271	{@st59}Доспех {/}
UI_20150317_000272	{@st59}Перчатки {/}
UI_20150317_000273	{@st59}Набедренники{/}
UI_20150317_000274	{@st59}Обувь {/}
UI_20150317_000275	{@st59}Левая рука {/}
UI_20150317_000276	{@st59}Праввая Рука {/}
UI_20150317_000277	{@st59}Браслет 1 {/}
UI_20150317_000278	{@st59}Браслет 2 {/}
UI_20150317_000279	{@st59}Повязка на руку{/}
UI_20150317_000280	{@st59}Искать по введенному названию{/}
UI_20150317_000281	Вес
UI_20150317_000282	Зачарование Амуниции
UI_20150317_000283	{@st59}Закрыть окно починки Амуниции{/}
UI_20150317_000284	{@st42}Доступно для Зачарования
UI_20150317_000285	{@st42}Израсходовать{/}
UI_20150317_000286	{@st42}Бежать
UI_20150317_000287	{@st42}Взять в цель предмет{/}
UI_20150317_000288	Кольцо 1 {@st59} {/}
UI_20150317_000289	{@st43}Изготовление предметов{/}
UI_20150317_000290	{@st42b} Показывать только готовые к изготовлению {/}
UI_20150317_000291	{@st59}Закрыть окно Изготовления предметов {/}
UI_20150317_000292	{@st43}{s22}Разделить предметы
UI_20150317_000293	{@st59}Введите количество{/}
UI_20150317_000294	Полоска здоровья монстра
UI_20150317_000295	{@st44}Предмет из набора получен{/}
UI_20150317_000296	Клавиатурный воин
UI_20150317_000297	Убить
UI_20150317_000298	99 минут 99 секунд
UI_20150317_000299	38000 Очков
UI_20150317_000300	Зачарованное зелье скорости
UI_20150317_000301	{@st41}OK {/}
UI_20150317_000302	{@st59b} Adventure Journal {nl}{@st59s}- Game progress is recorded in Adventure Journal {nl} - Get Adventure Index through items, monsters, crafting, map navigation, game progress {nl}    Adventure Index : Sum of all indices {nl}    Character : 5 points per level and class level {nl}    Item : Equipment: Level X 10 points, Book : 10 points, Others : 1 point {nl}    Monster : 10 points per monster (Boss: 50 points) {nl}    Map : 1 point per 10% {nl}    Quest: 1 point per quest {nl}    Achievement: Varies by achievement {nl}    Crafting : 10 points {nl}    Collection : Deck 5 points, 45 points when complete {nl} - Receive rewards from town NPC depending on the Adventure Index {/}
UI_20150317_000303	{@sti7}{s22}{ds}Achievements{/}
UI_20150317_000304	{@st42b}{#22FF22} Top 10% / %s Points{/}
UI_20150317_000305	{@st42b} Average / %s Points {/}
UI_20150317_000306	1st / %s Points
UI_20150317_000307	Rank %s
UI_20150317_000308	%s Points
UI_20150317_000309	Profession
UI_20150317_000310	Team
UI_20150317_000311	{@st59}Close Adventure Journal{/}
UI_20150317_000312	{@st43}Adventure Journal Ranks{/}
UI_20150317_000313	{@st43}{s22}Rank   
UI_20150317_000314	{@st43}{s22}Name
UI_20150317_000315	{@st43}{s22}Score
UI_20150317_000316	{@st41}Details{/}
UI_20150317_000317	{@st43}Start Crafting{/}
UI_20150317_000318	{@st59}Start manufacturing item.{/}
UI_20150317_000319	{@st44}Keypad{/}
UI_20150317_000320	{@st42}Time limit
UI_20150317_000321	{@st56}Kill{/}
UI_20150317_000322	{@st56}Overkill{/}
UI_20150317_000323	{@st56}Shot{/}
UI_20150317_000324	{@st56}Dead{/}
UI_20150317_000325	Spell Power
UI_20150317_000326	Defense
UI_20150317_000327	Magic Resistance
UI_20150317_000328	Critical Rate
UI_20150317_000329	{@st43}Sockets{/}
UI_20150317_000330	{@st59}Close the Socket Management{/}
UI_20150317_000331	Please insert your items
UI_20150317_000332	Potential
UI_20150317_000333	Additional socket cost : {#ff9933}%s{/}{nl}Gem extraction cost : {#ff9933}%s{/}
UI_20150317_000334	{@st41b}Add Socket
UI_20150317_000335	{@st41b}Extract Gem
UI_20150317_000336	{@st41}Craft{/}
UI_20150317_000337	{@st41}%s %s ea
UI_20150317_000338	Area Map
UI_20150317_000339	Area Explored : 95.5%
UI_20150317_000340	{@st45tw}Area Explored %s% {/}
UI_20150317_000341	{@st59}Close the map (M){/}
UI_20150317_000342	{@st41}Map{/}
UI_20150317_000343	Shift(clear), Ctrl(mid fill)
UI_20150317_000344	{ol}Title
UI_20150317_000345	{@st41}Add{/}
UI_20150317_000346	{@st41}Delete{/}
UI_20150317_000347	{@st41}Save{/}
UI_20150317_000348	{@st41}Auto{/}
UI_20150317_000349	{@st41}Reset{/}
UI_20150317_000350	{@st59}Set quantity.{/}
UI_20150317_000351	{ol}Group
UI_20150317_000352	{ol}Message
UI_20150317_000353	{ol}Sound
UI_20150317_000354	{@st41}Create Minimap{/}
UI_20150317_000355	{@st55}Area Map
UI_20150317_000356	{@st43}{s22}Market{/}
UI_20150317_000357	Market {@st43} {s24} {/}
UI_20150317_000358	{@st42b}Group{/}
UI_20150317_000359	{@st42b}Type{/}
UI_20150317_000360	{@st42b}Equip Lv.{/}
UI_20150317_000361	{@st42b}Enhance{/}
UI_20150317_000362	{@st42b}Name
UI_20150317_000363	{@st41b}Item Cabinet%s
UI_20150317_000364	{@st41b}Sell
UI_20150317_000365	{@st41b}Search
UI_20150317_000366	{@st59}Close Market window{/}
UI_20150317_000367	{@st42b}Sort by
UI_20150317_000368	{@st41b}Items for Sale
UI_20150317_000369	{@st43}{s22}Item Cabinet
UI_20150317_000370	{@st41b}Receive all
UI_20150317_000371	{@st41b} item receipt must
UI_20150317_000372	{@st43}{s22}Sell
UI_20150317_000373	{@st42b}Qty.
UI_20150317_000374	{@st42b}Price
UI_20150317_000375	{@st42b}Hide seller name{/}
UI_20150317_000376	{@st41b}Register
UI_20150317_000377	Siege Coin
UI_20150317_000378	Someone killed someone
UI_20150317_000379	{@st43}Minigames{/}
UI_20150317_000380	{@st49}Fire Catapult{/}
UI_20150317_000381	{@st44}Control directions{/}
UI_20150317_000382	{@st44}Fire{/}
UI_20150317_000383	Minigame
UI_20150317_000384	{s18}{ol}{gr gradation1}Hide and seek minigame{/}
UI_20150317_000385	{s16}Would you like to join the mini-games?
UI_20150317_000386	{s16}Participants : (0/5)
UI_20150317_000387	{s16}Participants : (%s /%s)
UI_20150317_000388	{s16}The game will start after 1 second.
UI_20150317_000389	{s16}The game starts after %s seconds.
UI_20150317_000390	{@st59}Zoom in{/}
UI_20150317_000391	{@st59}Zoom out{/}
UI_20150317_000392	{@st59}Map (M){/}
UI_20150317_000393	{@st42b} Area Map
UI_20150317_000394	{@st44}Item Synthesizer{/}
UI_20150317_000395	{s16}{#FFcc66}{ol}Please select the item you want to create{/}{/}
UI_20150317_000396	{s16}{#FFcc66}{ol}Drag the ingredients to the slots
UI_20150317_000397	{@st42}Create{/}
UI_20150317_000398	{@st42} Cancel {/}
UI_20150317_000399	Information of %s
UI_20150317_000400	Kepa или ...
UI_20150317_000401	{@st41}{Details}
UI_20150317_000402	{s20}{#050505}Описание Монстра Описание Монстра Описание Монстра Описание Монстра 
UI_20150317_000403	{@st41} Kill {/}
UI_20150317_000404	{@st41} Overkill {/}
UI_20150317_000405	{@st41} Normal Kill {/}
UI_20150317_000406	{@st41} Местность {/}
UI_20150317_000407	{@st41} Предмет {/}
UI_20150317_000408	{@st41} Достижения {/}
UI_20150317_000409	Объект
UI_20150317_000410	{@st43}Некрономикон{/}
UI_20150317_000411	{@st59}Закрыть Некрономикон UI{/}
UI_20150317_000412	{@st59}Я слишком ленив, чтобы думать.{/}
UI_20150317_000413	Призыв предмета : {#ffcc33}%s{/}
UI_20150317_000414	Undead Harpy
UI_20150317_000415	Умение : %s
UI_20150317_000416	Умение 1, Умение 2
UI_20150317_000417	Необходимо частей : %s
UI_20150317_000418	Зверь 60 / Насекомое 20/ Мутант 10
UI_20150317_000419	Количество фрагментов
UI_20150317_000420	Части 1
UI_20150317_000421	Части 2
UI_20150317_000422	Части 3
UI_20150317_000423	Поздравляем! Вы повысили уровень.
UI_20150317_000424	Оповещение о предмете
UI_20150317_000425	{@st64}Подробнее{/}
UI_20150317_000426	Как играть
UI_20150317_000427	{@st42}{b}      Переместите персонажа в каждом направлении{/}
UI_20150317_000428	{@st42}{b}      Атакуйте простой атакой{/}
UI_20150317_000429	{@st42}{b}         Прыгните на месте {nl}          или в движении{/}
UI_20150317_000430	{@st42}{b}Используйте 2 кнопки одновременно для движения по диагонали{/}
UI_20150317_000431	Fog Map Tool
UI_20150317_000432	Tool for killing monsters
UI_20150317_000433	Tool for making minimap
UI_20150317_000434	Dialogue tool
UI_20150317_000435	{@st43}GM Settings{/}
UI_20150317_000436	{@st59}Закрыть Информацию о Группе{/}
UI_20150317_000437	{@st59b} Информация о Группе {nl} {@st59s} - Для создания своей Группы нажмите кнопку "Создать Группу" ниже {nl} - Чтобы пригласить другого игрока, щеклните на нем правой кнопкой мыши {nl} - Нистройки группы можно изменить во вкладке настроек {nl} - Подтвердите условия для поиска группы в Списке Публичных Групп {/}
UI_20150317_000438	{@st43}Информация о Группе{/}
UI_20150317_000439	{@st41b}Участники{/}
UI_20150317_000440	{@st41b} Групповое событие {/}
UI_20150317_000441	{@st41b}Настройки{/}
UI_20150317_000442	{@st41}Участники{/}
UI_20150317_000443	{@st41}Условия для вступления в группу
UI_20150317_000444	{@st41b}Публичная
UI_20150317_000445	{@st41b}Приватная
UI_20150317_000446	Уровень                                ~
UI_20150317_000447	{@st41}Распределение Предметов
UI_20150317_000448	{@st41b}Каждому
UI_20150317_000449	{@st41b}Попорядку
UI_20150317_000450	{@st41b}Случайно
UI_20150317_000451	{@st41}Распределение Опыта
UI_20150317_000452	{@st41b}Каждому
UI_20150317_000453	{@st41b}Поровну
UI_20150317_000454	{@st41b}С учетом уровня
UI_20150317_000455	{@st41}Разделять Задания
UI_20150317_000456	{@st41b}Включить
UI_20150317_000457	{@st41b}Выключить
UI_20150317_000458	{@st41b}Создать Группу
UI_20150317_000459	{@st43} Список Публичных Групп {/}
UI_20150317_000460	{@st59b} Список Публичных Групп {nl} {@st59s} - Искать подходящие группы {nl} - Использовать дополнительные условия для поиска подходящей группы {/}
UI_20150317_000461	{@st59}Закрыть Список Групп{/}
UI_20150317_000462	Использовать опции поиска
UI_20150317_000463	Деление заданий 
UI_20150317_000464	Рапределение Опыта
UI_20150317_000465	Рапределение Предметов
UI_20150317_000466	{@st43}Пригласить
UI_20150317_000467	{@st41b}Пригласить{/}
UI_20150317_000468	{s18}{ol}{gr gradation1}Правила отключения{/}
UI_20150317_000469	{ol}Условия для принятия правил
UI_20150317_000470	{ol}Действия для принятия правил
UI_20150317_000471	Введите названия правила
UI_20150317_000472	{Gr gradation1}Регистрация{/}
UI_20150317_000473	ЗАрегистрировать правила
UI_20150317_000474	{Gr gradation1}Отмена{/}
UI_20150317_000475	Отменить действие
UI_20150317_000476	{@st43}Информация Компаньона
UI_20150317_000477	{@st59b} Информация Компаньона {nl} {@st59s} - кнопку сон / активность можно переместить в меню Компаньона {nl} - характеристики Компаньона, предметы связанные с таймером {/}
UI_20150317_000478	{@st59}Закрыть информацию Компаньона{/}
UI_20150317_000479	{@st41b}Имя : {@sti9}%s{/}
UI_20150317_000480	Дружба{@sti9}%s{@st41b} : {@sti9}%s {@st41b}Level{/}
UI_20150317_000481	Опыт {@st41b} {/}
UI_20150317_000482	{@st41b} выносливость {/}
UI_20150317_000483	Привязанность {@st41b} {/}
UI_20150317_000484	{@st41b}Атрибуты и информация
UI_20150317_000485	{@st43}Компаньон{/}
UI_20150317_000486	{@st59b} Компаньона {nl} {@st59s} - кликните по предмету в списки для подробностей {/}
UI_20150317_000487	{@st59}Закрыть окно Компаньона{/}
UI_20150317_000488	{@st59}Закрыть окно Помощи{/}
UI_20150317_000489	{@st59}Помощь{nl} - Узнать больше{nl} - Выберите в списке Помощи, чтобы посмотреть другие статьи{/}
UI_20150317_000490	{@st43}Помощь{/}
UI_20150317_000491	Статьи
UI_20150317_000492	{ol}{#AAAA00}{s16}Времени потрачено : %s
UI_20150317_000493	{@st43}Горшок с Ядом{/}
UI_20150317_000494	{@st59}Закрыть окно Горшка с Ядом{/}
UI_20150317_000495	{@st59}Необходимо написать{/}
UI_20150317_000496	Количество яда: %s
UI_20150317_000497	Предметы, из которых можно изготовить яд
UI_20150317_000498	Выбрать все
UI_20150317_000499	Кликните еще раз, чтобы отменить выбор
UI_20150317_000500	Создание
UI_20150317_000501	мешаем мешаем смешиваем и перемешиваем
UI_20150317_000502	{@st43}Категория{/}
UI_20150317_000503	{@st43}Я{/}
UI_20150317_000504	{@st43}Объект{/}
UI_20150317_000505	{@st43}Уровень{/}
UI_20150317_000506	{@st43}Деньги{/}
UI_20150317_000507	{@st43}Рейтинг{/}
UI_20150317_000508	{@st43}PvP Winning rate{/}
UI_20150317_000509	{@st59}Close window{/}
UI_20150317_000510	{@sti5}Total purchase amoun t: %s{/}
UI_20150317_000511	{@sti5}Total amount : %s{/}
UI_20150317_000512	{@st41b} Purchase
UI_20150317_000513	{@st43} Acquired ingredients for manufacturing item!
UI_20150317_000514	{@st43}Magnum Opus{/}
UI_20150317_000515	{@st41}Delete All
UI_20150317_000516	
UI_20150317_000517	{@st41}Combination
UI_20150317_000518	{@st43}Quest{/}
UI_20150317_000519	Quest {@st59b} {nl}{@st59s}- Register to quest notice when there is a new quest {nl} - Yellow for main quest, Blue for sub-quest {nl} - The arrow on the character's foot leads to quest location {nl} - 'Return' icon is displayed when the quest is complete {nl}    (teleport to quest NPC using backspace or mouse click) {nl} - Check the box in front of the quest name to add/remove from the quest notice {/}
UI_20150317_000520	{@st41b}In Progress{/}
UI_20150317_000521	{@st41b}Abandon{/}
UI_20150317_000522	{@st43}{s22}Quest Information{/}
UI_20150317_000523	Mission Complete
UI_20150317_000524	{@st41}Complete{/}
UI_20150317_000525	Mission Progress Info
UI_20150317_000526	{s18}{ol}Quest Information
UI_20150317_000527	{S16}Remaining time
UI_20150317_000528	Use quest item
UI_20150317_000529	Quest hint
UI_20150317_000530	{@st41}OK{/}
UI_20150317_000531	{@st43}{s22}Quest Complete{/}
UI_20150317_000532	{@st41b}Complete {/}
UI_20150317_000533	{@st41}Accept{/}
UI_20150317_000534	{@st41}Reject{/}
UI_20150317_000535	{@st44}Return{/}
UI_20150317_000536	Which quest would you like to go back to?
UI_20150317_000537	{@st41b}Quest class name{/}
UI_20150317_000538	{@st59}Expand slot {/}
UI_20150317_000539	{@st59}Reduce slot{/}
UI_20150317_000540	
UI_20150317_000541	{@st44}Menu{/}
UI_20150317_000542	{@st60}Select Character{/}
UI_20150317_000543	{@st60}Log Out{/}
UI_20150317_000544	{@st60}Exit Game{/}
UI_20150317_000545	{@st60}Game Settings{/}
UI_20150317_000546	{@st60}Return{/}
UI_20150317_000547	{@st41}Skip Tutorial{/}
UI_20150317_000548	{@st41}Select Character{/}
UI_20150317_000549	{@st41}Log Out{/}
UI_20150317_000550	{@st41}Exit game{/}
UI_20150317_000551	{@st41}Return{/}
UI_20150317_000552	{@st43}{s22}Gather Raid!
UI_20150317_000553	{@st41b}Monsters are approaching the outskirts of the town castle. Only you can solve this problem.
UI_20150317_000554	{@st43}{s22}Game Settings{/}
UI_20150317_000555	{@sti7}Searching parties for raid..{/}
UI_20150317_000556	{@st41b}Cancel participation
UI_20150317_000557	{@st41b}I'll try to solve it!
UI_20150317_000558	{@st41b}I don't think I can help this time...
UI_20150317_000559	{@sti7}{s24}Select Raid Rewards{/}
UI_20150317_000560	{@st42b}Remaining time {@st43}%s{@st42b} seconds{/}
UI_20150317_000561	{@st41b}Increase the number of selections
UI_20150317_000562	{@43b}{s22} No. of times selectable : {@st43}%s{/}
UI_20150317_000563	shadow_box tentativeremoval
UI_20150317_000564	{@st43}Ranking{/}
UI_20150317_000565	{@st59}Close Rankings window{/}
UI_20150317_000566	{@st41}Monster Kill Top 100{/}
UI_20150317_000567	{@st41}Damage Top 100{/}
UI_20150317_000568	{@st41}Money Money Top 100{/}
UI_20150317_000569	{@st41}Level Up Top 100{/}
UI_20150317_000570	{@st41b}Menu{/}
UI_20150317_000571	{@st43}{s22}Enhance Item{/}
UI_20150317_000572	{@st41b}Item to enhance
UI_20150317_000573	{@st41b}Anvil
UI_20150317_000574	{@st41}{s20}Anvil Hit Count :{@st43} %s
UI_20150317_000575	{@st41} {s20}Price : %s
UI_20150317_000576	{@st41b}Enhance{/}
UI_20150317_000577	{@st59}Start item enhancement.{/}
UI_20150317_000578	{@st59}Close item enhancement{/}
UI_20150317_000579	Are you sure you want to enhance with the selected {@st41b} {@sti9}%s ea {/} items?{/}
UI_20150317_000580	{@st43}Enhance
UI_20150317_000581	{@st44}Enhance Item{/}
UI_20150317_000582	{S24}{b}{#000000}Enhancement complete!
UI_20150317_000583	{@st41}Enhance again{/}
UI_20150317_000584	{@st41}Close{/}
UI_20150317_000585	{s18}{ol}{gr gradation1}Repair Equipment{/}
UI_20150317_000586	Equipment worn
UI_20150317_000587	Equipment in possession
UI_20150317_000588	{Gr gradation1}Select All{/}
UI_20150317_000589	Select All
UI_20150317_000590	{Gr gradation1}Repair{/}
UI_20150317_000591	{@st43}Repair{/}
UI_20150317_000592	List of items for repair
UI_20150317_000593	{@st41b}Repair cost{/}
UI_20150317_000594	{@st41b}Expected Balance{/}
UI_20150317_000595	{@st41b}Repair equipment{/}
UI_20150317_000596	Repair the selected equipment.
UI_20150317_000597	{@st59}Close Item Repair{/}
UI_20150317_000598	{@st43}Repair Item{/}
UI_20150317_000599	{@st41}List of items for Repair{/}
UI_20150317_000600	{@st44}Item Repair{/}
UI_20150317_000601	{@st42}Repair{/}
UI_20150317_000602	{@st59}Repair as current settings{/}
UI_20150317_000603	{@st59}Do not repair{/}
UI_20150317_000604	{@st44}Resume{/}
UI_20150317_000605	{@st41b}You have become {/}{s20}{#cc6600}{ol} incapable of combat{/}{@st41b}{/}
UI_20150317_000606	{@st41b}Respawn from the nearest revival point{/}
UI_20150317_000607	{@st41b} Respawn here (%s Coins needed) {/}
UI_20150317_000608	{@st41b}Return to field{/}
UI_20150317_000609	{@st41b}Abandon quest and restart{/}
UI_20150317_000610	{@st41b}Try again{/}
UI_20150317_000611	Sanctuary of Resurrection (70031)
UI_20150317_000612	This item is required.
UI_20150317_000613	Rest Quickslot
UI_20150317_000614	{@st43}Dialog box{/}
UI_20150317_000615	Temporary Name
UI_20150317_000616	{@st41b} {s18} lack of inventory space
UI_20150317_000617	Inventory is full, you can not obtain the item, please arrange the {nl} inventory.
UI_20150317_000618	{@st44}Item set acquired!{/}
UI_20150317_000619	Please select an item
UI_20150317_000620	{@st59b} shop {nl} {@st59s} - If you want to bulk purchase an item number, then right-click input {nl} - Use the mouse double right-click the item you want to sell quantity {/}
UI_20150317_000621	{@st59}Close shop{/}
UI_20150317_000622	{@st59}First Page{/}
UI_20150317_000623	{@st59}Next page{/}
UI_20150317_000624	{@st59}Last Page{/}
UI_20150317_000625	{@st41b}Reset{/}
UI_20150317_000626	{@st59}Reset shopping cart{/}
UI_20150317_000627	{@st41b}Confirm{/}
UI_20150317_000628	{@st59}Confirm transaction{/}
UI_20150317_000629	{@st43}Shop{/}
UI_20150317_000630	{@st41b}Items purchased{/}
UI_20150317_000631	{@st41b}Items sold{/}
UI_20150317_000632	{@st41b}Price{/}
UI_20150317_000633	{@st41b}Balance{/}
UI_20150317_000634	{@st41b}My items sold{/}
UI_20150317_000635	{@st41}Empty slots{/}
UI_20150317_000636	{@st43}Total{/}
UI_20150317_000637	{@st41}Settle Transaction{/}
UI_20150317_000638	{@st41}Expected Balance{/}
UI_20150317_000639	{@st41}Items purchased{/}
UI_20150317_000640	{@sti1c}Simony
UI_20150317_000641	{@st41}Crafting Skills
UI_20150317_000642	{@st42}Level %s{/}
UI_20150317_000643	Crafting costs
UI_20150317_000644	Crafting Qty
UI_20150317_000645	Approximately %s seconds consumed
UI_20150317_000646	{@st41}Create
UI_20150317_000647	{@st43}Class Skills and Attributes{/}
UI_20150317_000648	{@st59}Close Class and Skill{/}
UI_20150317_000649	{@st59b}Class {nl}{@st59s}- Increase class circles to acquire skills {nl} - Select 3 classes when Advancing from 1st to 2nd class {nl} - Advance to same class up to 3 times {nl} - Cannot change back to previous class when Advancing to another class {nl} - Consume all Skill Points to Advance {nl} - Can choose the same class {nl} {nl} {@st59b}Skill {nl}{@st59s}- Each rank's skill can be increased up to 5 levels {nl} - Attributes learned from masters can be seen below the skills {/}
UI_20150317_000650	{@st41b}Apply{/}
UI_20150317_000651	{@st59}Apply skill points{/}
UI_20150317_000652	Cleric
UI_20150317_000653	{@st59}Cancel point distribution{/}
UI_20150317_000654	Learning{#ff4400}%s (%slevel){/}...
UI_20150317_000655	Psychohassle
UI_20150317_000656	%s mins left
UI_20150317_000657	{@st43}Pose{/}
UI_20150317_000658	{@st59}Close Pose{/}
UI_20150317_000659	{@st41}Board{/}
UI_20150317_000660	{@st41}Trade{/}
UI_20150317_000661	{@st41}Social Functions{/}
UI_20150317_000662	{@st41b}Write{/}
UI_20150317_000663	{@st41}Register{/}
UI_20150317_000664	{@st59}Register post{/}
UI_20150317_000665	{@st41}Start MyPage{/}
UI_20150317_000666	{@st59}Publish MyPage{/}
UI_20150317_000667	{@st59}Write greetings{/}
UI_20150317_000668	{@st41b}1. Menu{/}
UI_20150317_000669	{@st41}Visit{/}
UI_20150317_000670	{@st59}Visit MyPage{/}
UI_20150317_000671	{@st41}Sell{/}
UI_20150317_000672	{@st59}Sell item{/}
UI_20150317_000673	{@st43}Living{/}
UI_20150317_000674	{@st59}Close living{/}
UI_20150317_000675	{@st41}View all{/}
UI_20150317_000676	{@st41}Create Map{/}
UI_20150317_000677	{@st41}%s/min (%s in hand){/}
UI_20150317_000678	Keyboard Warrior
UI_20150317_000679	{@st42}%s{/}{@st42_yellow}Level{/}
UI_20150317_000680	{@st41_yellow}Employment Time
UI_20150317_000681	{@st43}Graffiti{/}
UI_20150317_000682	{@st59}Close Spray{/}
UI_20150317_000683	{@st41b}Tip : Draw a picture in the frame below{/}
UI_20150317_000684	{@st41b}Colors{/}
UI_20150317_000685	{@st41b}Quantity{/}
UI_20150317_000686	{@st41b}Brush{/}
UI_20150317_000687	{@st43}Draw{/}
UI_20150317_000688	{@st59}Draw the completed picture on the ground.{/}
UI_20150317_000689	{@st41b}{a SAVE_EDIT_SPRAY}Save{/}{/}
UI_20150317_000690	{@st59}Save drawings{/}
UI_20150317_000691	{@st41b}{a LOAD_EDIT_SPRAY}Load{/}{/}
UI_20150317_000692	{@st59}Load pictures that you drew.{/}
UI_20150317_000693	{@st59}Selected color 1{/}
UI_20150317_000694	{@st59}Selected color 2{/}
UI_20150317_000695	{@st59}Color List{/}
UI_20150317_000696	{@st59}Selected Brush{/}
UI_20150317_000697	{@st59}Brush 1{/}
UI_20150317_000698	{@st59}Brush 2{/}
UI_20150317_000699	{@st59}Brush 3{/}
UI_20150317_000700	{@st59}Brush 4{/}
UI_20150317_000701	{@st59}Кисть 5{/}
UI_20150317_000702	{@st59}Кисть 6{/}
UI_20150317_000703	{@st49}Люди, которым нравится{/}
UI_20150317_000704	{s20}{#050505}Опишите что-нибудь
UI_20150317_000705	{@st41} Все {/}
UI_20150317_000706	{@st41} Группа {/}
UI_20150317_000707	{@st41} Монстр {/}
UI_20150317_000708	{@st41b}{#f0dcaa}Осталось очков характеристик ▶ {@st46}%s
UI_20150317_000709	{@st59b}Моя информация{nl}{@st59s}- Характеристики : Зарабатывайте очки поднимая уровень, для увеличения любой из 5 характеристик . {nl}- Информация : Информация основана на текущих Характеристиках и Предметах {nl}- Титул : Может быть заработан при выполнении Достижений {nl} {/}
UI_20150317_000710	{@st41b}Информация{/}
UI_20150317_000711	{@st41b}Титул{/}
UI_20150317_000712	Показывать Класс
UI_20150317_000713	Показывать Имя персонажа
UI_20150317_000714	{@st59}Изменить Имя{/}
UI_20150317_000715	{@st41b}Принять
UI_20150317_000716	{@st59}Использовать очки Характеристик{/}
UI_20150317_000717	{@st41b}Отмена
UI_20150317_000718	{@st59}Отменить распределение очков{/}
UI_20150317_000719	Имя компьютера
UI_20150317_000720	{@st41_yellow}Уровень: {@st41}%s{/}
UI_20150317_000721	{@st41_yellow}Умения Наемника
UI_20150317_000722	{@st43}Атакующие воздействия{/}
UI_20150317_000723	{@st43}Защитные воздействия{/}
UI_20150317_000724	{@st43}Характеристика{/}
UI_20150317_000725	systemmenu_vertical tentative removal
UI_20150317_000726	{@st59}Информация персонажа (F1){/}
UI_20150317_000727	{@st59}Инвентарь (F2){/}
UI_20150317_000728	{@st59}Класс и Умения (F3){/}
UI_20150317_000729	{@st59}Журнал Приключений (F4){/}
UI_20150317_000730	{@st59}Задания (F5){/}
UI_20150317_000731	{@st59}Группа (F6){/}
UI_20150317_000732	{@st59}Друзья (F7){/}
UI_20150317_000733	{@st59} Макросы (F8) {/}
UI_20150317_000734	{@st59} Компаньон (F9) {/}
UI_20150317_000735	{@st59} Помощь (F10) {/}
UI_20150317_000736	{@st59}Системное меню (Esc){/}
UI_20150317_000737	{@st59}Некрономикон{/}
UI_20150317_000738	Помощь(F1)
UI_20150317_000739	Содержание
UI_20150317_000740	Подробнее
UI_20150317_000741	{@st43}Игровые настройки{/}
UI_20150317_000742	{@st43}Игра{/}
UI_20150317_000743	{@st41b}Показывать опыт{/}
UI_20150317_000744	{@st41b}Показывать Имена персонажей{/}
UI_20150317_000745	{@st41b} Показывать только название группы {/}
UI_20150317_000746	{@st41b}Показывать подсказки по Заданиям{/}
UI_20150317_000747	{@st43}Экран{/}
UI_20150317_000748	{@st43}Крафика{/}
UI_20150317_000749	{@st41b}Полноэкранный{/}
UI_20150317_000750	{@st41b}Оконный{/}
UI_20150317_000751	{@st43}Звук{/}
UI_20150317_000752	{@st41b}Громкость эффектов (%s){/}
UI_20150317_000753	{@st41b}Громкость музыки (%s){/}
UI_20150317_000754	{@st41b}Общая громкость (%s){/}
UI_20150317_000755	{@ St43}{b}             Выбрать язык {/}{/}
UI_20150317_000756	{@st59}Закрыть настройки{/}
UI_20150317_000757	Низкая производительность {@st41b} {/}
UI_20150317_000758	{@st41b}Просмотр{/}
UI_20150317_000759	{@st59}Авторы{/}
UI_20150317_000760	Target buff window
UI_20150317_000761	{@st46}IMC's picture
UI_20150317_000762	{@st46}%s's picture
UI_20150317_000763	{@st46}Нравится
UI_20150317_000764	{@st46}Пожаловаться
UI_20150317_000765	{@st46}Use preservatives
UI_20150317_000766	{@st46}Удалить картинку
UI_20150317_000767	Снежные видения
UI_20150317_000768	Букет
UI_20150317_000769	{@st41} Подарки
UI_20150317_000770	Введите количество.
UI_20150317_000771	{@st53b}%s Побед %s Поражений
UI_20150317_000772	{@st42}Сегодняшний График
UI_20150317_000773	{@st53}Для начала :
UI_20150317_000774	{@st53b}Подарков получено : %s ea
UI_20150317_000775	{@st43b}Послать подарок %s{/}
UI_20150317_000776	{@st55_a}Следующая игра
UI_20150317_000777	{@st53}- Щеклкните по имени для просмотра{nl}- Правый клик для отправки подарка
UI_20150317_000778	Глазами персонажа
UI_20150317_000779	{@st55_a}Поздравляем!
UI_20150317_000780	{@st42}Сменить камеру
UI_20150317_000781	{@st44}Журнал Приключений{/}
UI_20150317_000782	{@st59}Изменить настройки просмотра{/}
UI_20150317_000783	{@st41} Статистика {/}
UI_20150317_000784	{@st41 }Ремесло {/}
UI_20150317_000785	{@st41} Охота {/}
UI_20150317_000786	{@st41} Помощь {/}
UI_20150317_000787	{@st44}Страница Wiki{/}
UI_20150317_000788	{@st42}Информация{/}
UI_20150317_000789	{@st42}Подробнее{/}
UI_20150317_000790	{@st42}Битва{/}
UI_20150317_000791	{@st42}Распределение{/}
UI_20150317_000792	{@st59}Закрыть страницу{/}
UI_20150317_000793	{@st43}Сражение
UI_20150317_000794	{@st59}Закрыть Сражение.
UI_20150317_000795	(Bronze 3)
UI_20150317_000796	{@sti8}Очков заработано сегодня : {nl}%s{/}
UI_20150317_000797	{@st41}Магазин
UI_20150317_000798	{@st41}Рейтинг
UI_20150317_000799	{@st42}График сражений
UI_20150317_000800	{@st42}Последний рекорд
UI_20150317_000801	{@st41}Получить Опыт
UI_20150317_000802	{@st41}страница PVP
UI_20150317_000803	{@st41}Поиск
UI_20150317_000804	{@st43}Battlefield Rankings
UI_20150317_000805	{@st59}Close Battlefield rankings
UI_20150317_000806	{@st56}Skill Name{/}
UI_20150317_000807	{@st41}Check coordinates{/}
UI_20150317_000808	{@st41}Find{/}
UI_20150317_000809	{@st42b}Manage monster regen{/}
UI_20150317_000810	{@st42b}Monster List{/}
UI_20150317_000811	{@st42b}Create UI{/}
UI_20150317_000812	{@st42b}Map Fog{/}
UI_20150317_000813	{@st42b}Create Map{/}
UI_20150317_000814	{@st42b}Create Minimap{/}
UI_20150317_000815	{@st42b}Dialog {/}
UI_20150317_000816	{@st42b}Change Quest Rewards{/}
UI_20150317_000817	{@st42b}Group regen{/}
UI_20150317_000818	{@st42b}Set map location{/}
UI_20150317_000819	{@st42b}Skills map{/}
UI_20150317_000820	{@st42b}List of events{/}
UI_20150317_000821	{@st42b}Check coordinates{/}
UI_20150317_000822	{@st42b} Check XAC, texture path{/}
UI_20150317_000823	{@st42b}Performance ONOFF{/}
UI_20150317_000824	Dialogue list
UI_20150317_000825	Search.
UI_20150317_000826	{@st41}Preview{/}
UI_20150317_000827	{@st41}Off{/}
UI_20150317_000828	{@st41}Remove{/}
UI_20150317_000829	{@st41}Save all{/}
UI_20150317_000830	{@st41}Apply picture{/}
UI_20150317_000831	{#FFFFFF}{ds}Select Event
UI_20150317_000832	{#FFFFFF}{ds}Edit Event
UI_20150317_000833	{ol}List
UI_20150317_000834	The name of the group to save
UI_20150317_000835	{@st42}Create New{/}
UI_20150317_000836	{@st41}Group regen{/}
UI_20150317_000837	{@st59}Enter the name of the monster to search{/}
UI_20150317_000838	{@st59}Enter a name of the group to save{/}
UI_20150317_000839	{@st41}New group{/}
UI_20150317_000840	Filtering
UI_20150317_000841	{@st59}Enter filter{/}
UI_20150317_000842	{ol}Property Value
UI_20150317_000843	Class List
UI_20150317_000844	Apply to XML
UI_20150317_000845	{#FFFFFF}{ds}Log
UI_20150317_000846	{#FFFFFF}{ds}Vew all properties
UI_20150317_000847	Enter search word.
UI_20150317_000848	All attribute values
UI_20150317_000849	{ol}Name
UI_20150317_000850	{ol}Value
UI_20150317_000851	Log
UI_20150317_000852	{ol}Revision
UI_20150317_000853	{ol}Log
UI_20150317_000854	Class list
UI_20150317_000855	XML Conversion
UI_20150317_000856	{ol}Class name
UI_20150317_000857	{ol}Property Name
UI_20150317_000858	{ol}Changed value
UI_20150317_000859	{ol}Apply
UI_20150317_000860	Open Folder
UI_20150317_000861	Check All
UI_20150317_000862	History
UI_20150317_000863	Rollback Value
UI_20150317_000864	{ol}Select item
UI_20150317_000865	Enter the name you want to search.
UI_20150317_000866	{@st42} OK {/}
UI_20150317_000867	{@st41}Create UI{/}
UI_20150317_000868	{ol}Frame
UI_20150317_000869	{@st41}Frame{/}
UI_20150317_000870	{@st41}Button{/}
UI_20150317_000871	{@st41}Text{/}
UI_20150317_000872	{@st42b}Normal{img btn_close}
UI_20150317_000873	{@st42b}Auction{img btn_close}
UI_20150317_000874	{@st41}Set map location{/}
UI_20150317_000875	{@st41}Rename{/}
UI_20150317_000876	{@st59}Enter the words you want to filter{/}
UI_20150317_000877	{@st41}Create{/}
UI_20150317_000878	{@st56}XML save{/}
UI_20150317_000879	{@st56}Reset{/}
UI_20150317_000880	{@st56}Attribute{/}
UI_20150317_000881	{@st56}Value{/}
UI_20150317_000882	{@st42}Content{/}
UI_20150317_000883	{@st41}Undo{/}
UI_20150317_000884	{@st41}Save all{/}
UI_20150317_000885	{@st41}XML Open{/}
UI_20150317_000886	{@st42b}Fixed Skill : 0{/}
UI_20150317_000887	{@st42b}Fixed skill : %s{/}
UI_20150317_000888	{@st42b}Mouse homing{/}
UI_20150317_000889	{@st42b}Skill name{/}
UI_20150317_000890	{@st41}Monster list{/}
UI_20150317_000891	{@st41}Performance Manager{/}
UI_20150317_000892	{ol}Select Quest
UI_20150317_000893	Enter the name of quest to search
UI_20150317_000894	{ol}Select map
UI_20150317_000895	Enter the name of the map you want to search.
UI_20150317_000896	{@st42}Current map{/}
UI_20150317_000897	{ol}Map name
UI_20150317_000898	{ol}Coordinates
UI_20150317_000899	{@st41}Change quest rewards{/}
UI_20150317_000900	{@st59}Enter quest to search{/}
UI_20150317_000901	{@st59}Enter the item to search for{/}
UI_20150317_000902	{@st42}EXP
UI_20150317_000903	{ol}Basic rewards
UI_20150317_000904	{ol}Quantity
UI_20150317_000905	{ol}Additional rewards
UI_20150317_000906	{@st45}Frequently used cheats
UI_20150317_000907	{@st41}Skills map{/}
UI_20150317_000908	{@st42}Ability{/}
UI_20150317_000909	{@st42}Warrior{/}
UI_20150317_000910	{@st42}Wizard{/}
UI_20150317_000911	{@st42}Archer{/}
UI_20150317_000912	{@st42}Monk{/}
UI_20150317_000913	{@st42}Sorcerer{/}
UI_20150317_000914	{@st41}Skill{/}
UI_20150317_000915	{@st59}Xml load{/}
UI_20150317_000916	{@st41}Load{/}
UI_20150317_000917	{@st59}Save as xml{/}
UI_20150317_000918	{@st59}Reset Open Skill map{/}
UI_20150317_000919	 {@st41}Reset{/}
UI_20150317_000920	{@st59}Reset all Skill  maps{/}
UI_20150317_000921	{@st41}Reset All{/}
UI_20150317_000922	{S18}Remove script
UI_20150317_000923	{S18}String argument
UI_20150317_000924	{s18}string 1 argument
UI_20150317_000925	{s18}string 2 argument
UI_20150317_000926	{s18}Max skill level
UI_20150317_000927	{@st59}Remove script type box{/}
UI_20150317_000928	{@st59}Remove script argument{/}
UI_20150317_000929	{@st59}Max skill level{/}
UI_20150317_000930	{@st59}Save Property{/}
UI_20150317_000931	{@st41}Save Property{/}
UI_20150317_000932	{@st44}UI List{/}
UI_20150317_000933	{ds}Addon List
UI_20150317_000934	{ds}Fixed frame list
UI_20150317_000935	{@st42}UI list{/}
UI_20150317_000936	{@st59}show UI List{/}
UI_20150317_000937	{@st42}Adjust location{/}
UI_20150317_000938	{@st59}Adjust location{/}
UI_20150317_000939	{@st42}Edit Property{/}
UI_20150317_000940	{@st59}Edit property{/}
UI_20150317_000941	{@st42}Save{/}
UI_20150317_000942	{@st59}Save{/}
UI_20150317_000943	{@st44}Edit UI properties{/}
UI_20150317_000944	{@St59}Select Character{/}
UI_20150317_000945	{@St59}Change Server{/}
UI_20150317_000946	{@St59}Settings{/}
UI_20150317_000947	{@St59}Quit{/}
UI_20150317_000948	{@st43}Lodge Settings{/}
UI_20150317_000949	{@st59}Close lodge settings{/}
UI_20150317_000950	{@St42}{s18}{#f5c384}Team Name{/}
UI_20150317_000951	{@st59}Enter team name {/}
UI_20150317_000952	{@st59}Save Team Name{/}
UI_20150317_000953	Provisional Delete
UI_20150317_000954	{@St59}Close Decorate Lodge{/}
UI_20150317_000955	{@St43}Barrack Decorating{/}
UI_20150317_000956	{@St41b}Theme{/}
UI_20150317_000957	{@St41b}Item Arrangement{/}
UI_20150317_000958	{@St41b}Name
UI_20150317_000959	{@St41b}Price
UI_20150317_000960	{@St41b}State
UI_20150317_000961	{@St44}New Character{/}
UI_20150317_000962	{@St41b}{s22}Select Character Class{/}
UI_20150317_000963	{@St41b}Back{/}
UI_20150317_000964	{@St59}Go back to Lodge
UI_20150317_000965	Change Character
UI_20150317_000966	{@St41}Character{/}
UI_20150317_000967	{@St59}Rotate to clockwise{/}
UI_20150317_000968	{@St59}Rotate to counterclockwise{/}
UI_20150317_000969	{@St43b}Character Rotation{/}
UI_20150317_000970	{@st43}Character Name{/}
UI_20150317_000971	Enter a name for {@st59} {/}
UI_20150317_000972	{@St43b}Choose Gender{/}
UI_20150317_000973	{@St59}Female{/}
UI_20150317_000974	{@St59}Male{/}
UI_20150317_000975	{@st43b}Choose Hair{/}
UI_20150317_000976	{@st59}Hair1{/}
UI_20150317_000977	{@st59}Hair2{/}
UI_20150317_000978	{@St59}Hair3{/}
UI_20150317_000979	{@st59}Hair4{/}
UI_20150317_000980	{@st59}Hair5{/}
UI_20150317_000981	{@st59}Hair6{/}
UI_20150317_000982	{@st59}Hair7{/}
UI_20150317_000983	{@st59}Hair8{/}
UI_20150317_000984	{@st59}Hair9{/}
UI_20150317_000985	{@st59}Hair10{/}
UI_20150317_000986	{@St43b}Class Select{/}
UI_20150317_000987	{@st59}Sword Man{/}
UI_20150317_000988	{@st59}Wizard{/}
UI_20150317_000989	{@st59}Archer{/}
UI_20150317_000990	{@st59}Cleric{/}
UI_20150317_000991	{@St41b}Barrack Visit{/}
UI_20150317_000992	{@St59}Visit the Barrack of other player.{/}
UI_20150317_000993	{@St41b}Change Server{/}
UI_20150317_000994	{@St59}Move to server selection screen{/}
UI_20150317_000995	{@St41b}Exit Game{/}
UI_20150317_000996	{@St59}Exit Tree of Savior{/}
UI_20150317_000997	{@st41b} Select channel{/}
UI_20150317_000998	{@st43}Enter{/}
UI_20150317_000999	{@St59}Start game with selected character{/}
UI_20150317_001000	{@St43}{s26}Имя Команды{/}
UI_20150317_001001	{@st59}Имя Команды{/}
UI_20150317_001002	{@st41b}Изменить Имя Команды{/}
UI_20150317_001003	{@st59} Меняет имя вашей Команды{/}
UI_20150317_001004	{@St41}Компаньон{/}
UI_20150317_001005	Переместить чат
UI_20150317_001006	{@St44}Название нового Диалога{/}
UI_20150317_001007	{@St42}Изменить{/}
UI_20150317_001008	{@St44}Название нового окна{/}
UI_20150317_001009	{@St43}{s40}{gr gradation4}Создание персонажа{/}
UI_20150317_001010	{@St59}Создать персонажа{/}
UI_20150317_001011	{@St59}Отмена создания нового персонажа{/}
UI_20150317_001012	{@St59}Закрыть окно ввода имени команды{/}
UI_20150317_001013	{@St59}Создать команду{/}
UI_20150317_001014	{@St43}{s30}{#f0dcaa}Введите имя вашей команды!
UI_20150317_001015	{@St41b}       Имя команды объединяет ваших персонажей.{nl}      Это общее имя, используемое внутри игры.{nl}               Team Name may be changed later on.{/}
UI_20150317_001016	Загрузка фона
UI_20150317_001017	Подсказка
UI_20150317_001018	Игровые подсказки
UI_20150317_001019	Имя пользователя
UI_20150317_001020	ID Аккаунта
UI_20150317_001021	{@st59}Введите ID Аккаунта{/}
UI_20150317_001022	Пароль
UI_20150317_001023	{@St59}Введите пароль{/}
UI_20150317_001024	{@St43}Ввод{/}
UI_20150317_001025	{@St59}Подключиться к выбранному серверу{/}
UI_20150317_001026	{@st41b}Повтор{/}
UI_20150317_001027	{@st41b}Одиночный режим{/}
UI_20150317_001028	{@St41b}Выйти из игры{/}
UI_20150317_001029	Сохранить
UI_20150317_001030	{@St59}Сохранение произойдет после завершения проверки{/}
UI_20150317_001031	Список Серверов
UI_20150317_001032	{@St59}Выбор сервера{/}
UI_20150317_001033	Login Title
UI_20150317_001034	[Закрытый Бета-Тест]
UI_20150317_001035	Опции
UI_20150317_001036	Дальность обзора
UI_20150317_001037	{S20}{#BBBBBB}Дальность обзора
UI_20150317_001038	Дальность обзора :
UI_20150317_001039	Персонаж :
UI_20150317_001040	Фоновые объекты :
UI_20150317_001041	Топография  - Трава (%) :
UI_20150317_001042	Топография-Деревья (%) :
UI_20150317_001043	Топография-объекты(%) :
UI_20150317_001044	Тени
UI_20150317_001045	{S20}{#BBBBBB}Темные Карты 
UI_20150317_001046	Использование Темной Карты 
UI_20150317_001047	Качество теней :
UI_20150317_001048	SSAO Использовать
UI_20150317_001049	SSAO Метод :
UI_20150317_001050	SSAO Разрешение :
UI_20150317_001051	Отражение от воды
UI_20150317_001052	{s20}{#BBBBBB}Отражение от воды
UI_20150317_001053	Персонажи отражаются от воды
UI_20150317_001054	Фон отражатся от воды
UI_20150317_001055	{s20}{#BBBBBB}Настройки света
UI_20150317_001056	Использовать свечение
UI_20150317_001057	{@st41}Атака{/}
UI_20150317_001058	{@St41}Защита{/}
UI_20150317_001059	{@st41}AUX{/}
UI_20150317_001060	{@St41}Сложность{/}
UI_20150317_001061	{@St41}Прическа
UI_20150317_001062	{@St41}Вращение
UI_20150317_001063	{@St43}Создать персонажа
UI_20150317_001064	{@St59}Создать персонажа используя имя выше{/}
UI_20150317_001065	{@St41b}Выбрать следующего персонажа
UI_20150317_001066	{@St59}Выбрать другого персонажа{/}
UI_20150317_001067	Информация о персонаже
UI_20150317_001068	{@t41}Взять с собой
UI_20150317_001069	{@St59}Щелкните, затем выберите персонажа, за которым следовать{/}
UI_20150317_001070	Интерфейс создания предметов
UI_20150317_001071	{S24}Имя :
UI_20150317_001072	{S16} Сила :
UI_20150317_001073	{S16} Здоровье :
UI_20150317_001074	{S16} Лавкость :
UI_20150317_001075	{S16} Живучесть :
UI_20150317_001076	{S16} Мощь :
UI_20150317_001077	{S18} Выбор Класса
UI_20150317_001078	{S18} Союз Добра
UI_20150317_001079	{S18} Лига Злодеев
UI_20150317_001080	Hong Moo Moon
UI_20150317_001081	Dae Do Cheon
UI_20150317_001082	Fire Swords
UI_20150317_001083	For adenomas hwageuk
UI_20150317_001084	Puncture sex
UI_20150317_001085	Yeonhwagyo
UI_20150317_001086	{S16}Пол и Внешность
UI_20150317_001087	Мужской
UI_20150317_001088	Женский
UI_20150317_001089	Настройки прически
UI_20150317_001090	Ключевые настройки
UI_20150317_001091	Ширина Плеч
UI_20150317_001092	Размер рук и ног
UI_20150317_001093	Размер Груди
UI_20150317_001094	Размер Талии
UI_20150317_001095	Размер Бедер
UI_20150317_001096	{S18} Размер головы
UI_20150317_001097	{S14} Рост
UI_20150317_001098	{S14} Ширина Плеч
UI_20150317_001099	{S14} Размер рук и ног
UI_20150317_001100	{S14} Размер Груди
UI_20150317_001101	{S14} Размер Талии
UI_20150317_001102	{S14} Размер Бедер
UI_20150317_001103	Значения по умолчанию
UI_20150317_001104	Случайные значения
UI_20150317_001105	Создать нового персонажа
UI_20150317_001106	Отменить создание нового персонажа
UI_20150317_001107	{@St43}{s40}{gr gradation4}Game Start{/}
UI_20150317_001108	{@St43}{s40}{gr gradation4}Preview End{/}
UI_20150317_001109	{@St43}{s40}{gr gradation4}Return to the zone{/}
UI_20150317_001110	{@St59}Return to the zone.{/}
UI_20150317_001111	{@St41b}Return{/}
UI_20150317_001112	{@St59}Return to My Lodge.{/}
UI_20150317_001113	{@St43}{s24}LodgeName{/}
UI_20150317_001114	{@St59}Lodge Name{/}
UI_20150317_001115	{@st41b}Decorate{/}
UI_20150317_001116	{@St59}Decorate Lodge{/}
UI_20150317_001117	{@St41b}Setup{/}
UI_20150317_001118	{@St59}Barrack Settings{/}
UI_20150317_001119	Customized Item frame
UI_20150317_001120	Green
UI_20150317_001121	Density
UI_20150317_001122	Like HP
UI_20150317_001123	{@st59}Hair Accessories{/}
UI_20150317_001124	{@st59}Subsidiary Accessories{/}
UI_20150317_001125	{@St42}Text{/}
UI_20150317_001126	Name of a default content
UI_20150317_001127	Name of a default group
UI_20150317_001128	Name of a default item
UI_20150317_001129	Mr Kim
UI_20150317_001130	Weight : %s
UI_20150317_001131	N/A
UI_20150317_001132	%S race
UI_20150317_001133	N/A
UI_20150317_001134	Untradeable
UI_20150317_001135	Not reinforce
UI_20150317_001136	N/A
UI_20150317_001137	Item Name
UI_20150317_001138	N/A
UI_20150317_001139	More than a few level
UI_20150317_001140	Everyone can equipe
UI_20150317_001141	Max Socket %s ea
UI_20150317_001142	Item Name
UI_20150317_001143	Price when sold to Shop : %s Silver
UI_20150317_001144	How much
UI_20150317_001145	{@St42b}Full Exploration Rate of Siauliai{/}
UI_20150317_001146	{@St42b}West Forest Area Explored{/}
UI_20150317_001147	{@St18}Item{/}
UI_20150317_001148	{@St18}My Ranking{/}
UI_20150317_001149	Diamond
UI_20150317_001150	N/A
UI_20150317_001151	{@St18}Average{/}
UI_20150317_001152	{@St42b}{s18}Workmanship{/}
UI_20150317_001153	{@St55_c}Item Name
UI_20150317_001154	{@St55_c}Memo Records
UI_20150317_001155	{@St59}Enter the name. If you do not enter the name, A default name will be made.{/}
UI_20150317_001156	{@St59}Enter the memo{/}
UI_20150317_001157	{@St43}Produce items
UI_20150317_001158	{@st42b}%s points {/}
UI_20150317_001159	{@st42b}%s dog {/}
UI_20150317_001160	{@st42b}%s points {/}
UI_20150317_001161	{@st42b}%s dog {/}
UI_20150317_001162	{S16}{ol}per price
UI_20150317_001163	Total Price : 1
UI_20150317_001164	{@St41}Help
UI_20150317_001165	{@St41}Description of the photo
UI_20150317_001166	{@St41}Registration
UI_20150317_001167	{@St41}Name
UI_20150317_001168	{@St41}Message
UI_20150317_001169	{@St43}Name{/}
UI_20150317_001170	{@St41b}Message{/}
UI_20150317_001171	{@St42b}Login{/}
UI_20150317_001172	{@St41}Create a new conversation
UI_20150317_001173	{@St41}Full Conversation
UI_20150317_001174	Region Name
UI_20150317_001175	{@St41}Skill Names
UI_20150317_001176	{@St41}Attribute Points
UI_20150317_001177	{@St41}Class Name
UI_20150317_001178	Character Name
UI_20150317_001179	{@Sti7}Delete{/}
UI_20150317_001180	Character Level
UI_20150317_001181	{@St42}Share Quest{/}
UI_20150317_001182	{@St42}Share Experience{/}
UI_20150317_001183	Character Memo
UI_20150317_001184	The average Level of Party : {#FFFF00}%s{/}
UI_20150317_001185	Looking Party Player : {#FFFF00}%s{/}
UI_20150317_001186	Cleric / Archer
UI_20150317_001187	Share Quest : {#FFFF00}%s{/}
UI_20150317_001188	N/A
UI_20150317_001189	EXP Distribution : {#FFFF00}%s{/}
UI_20150317_001190	Equal Distirbutions
UI_20150317_001191	Item Distribution : {#FFFF00}%s{/}
UI_20150317_001192	Distribute Randomly
UI_20150317_001193	How do I
UI_20150317_001194	You don't see who it is
UI_20150317_001195	{@st41b} added to Adventure Journal
UI_20150317_001196	Menu objects for Quest
UI_20150317_001197	Categories of Quest
UI_20150317_001198	List Objects of Quest
UI_20150317_001199	N/A
UI_20150317_001200	Line used on the roadmap
UI_20150317_001201	Slot Object_Standard
UI_20150317_001202	Slot Object_Cash Slot
UI_20150317_001203	Character Details Type 1
UI_20150317_001204	Character Details Type 2
UI_20150317_001205	Inventory List Type 1
UI_20150317_001206	Inventory List Type 2
UI_20150317_001207	Inventory Slot Type
UI_20150317_001208	View item details on the market
UI_20150317_001209	Output of Item Name
UI_20150317_001210	Output of the number of remaining
UI_20150317_001211	Output of Value
UI_20150317_001212	When you add it to cart
UI_20150317_001213	Output of total value
UI_20150317_001214	For item output
UI_20150317_001215	Output of unit price
UI_20150317_001216	Item category
UI_20150317_001217	News
UI_20150317_001218	{@St42b}Restart{/}
UI_20150317_001219	Peltang Stang
UI_20150317_001220	99 Circle
UI_20150317_001221	Kill 8 Mad Vubbe
UI_20150317_001222	Tooltip
UI_20150317_001223	EXP: sad{br}+1 Enchantment Crystal (Attack)
UI_20150317_001224	The Apprentice Sword
UI_20150317_001225	Repair Durability :
UI_20150317_001226	Repair Costs : 120 Silver
UI_20150317_001227	Repair Costs : %s silver
UI_20150317_001228	{@st42b}Bids Count {@sti7}%s{/}
UI_20150317_001229	{@st42b}Current Price {img icon_item_silver 20 20}{@st57}%s{/}
UI_20150317_001230	{@St41}Buy immediately! {Img icon_item_silver 20 20}{@st57}%s{/}
UI_20150317_001231	{@St41b}Receive items{/}
UI_20150317_001232	{@st42b} Bidding Price {img icon_item_silver 20 20}{@st57}%s{/}
UI_20150317_001233	{@Sti7}Return
UI_20150317_001234	{@St59}Head{/}
UI_20150317_001235	{@St59}Left Bracelet{/}
UI_20150317_001236	{@St59}Right Bracelet{/}
UI_20150317_001237	{@St59}Costumes{/}
UI_20150317_001238	{@st59}Ring2{/}
UI_20150317_001239	Pet Name
UI_20150317_001240	Chandler bundle
UI_20150317_001241	West forest ..etc..
UI_20150317_001242	Consume Coins
UI_20150317_001243	Category Name
UI_20150317_001244	This is a Help
UI_20150317_001245	{@Sti7}%s Points{/}
UI_20150317_001246	{@st41b}%s score
UI_20150317_001247	Clear Quest 25
UI_20150317_001248	[Sub]Thron Forest
UI_20150317_001249	{@St42}Equipped Item
UI_20150317_001250	{@St44}Rank %s Class Information{/}
UI_20150317_001251	Advancement Information
UI_20150317_001252	Like Heart
UI_20150317_001253	N/A
UI_20150317_001254	%s Levle
UI_20150317_001255	Memo : {#666666}%s
UI_20150317_001256	Ayase
UI_20150317_001257	Relationship with the %s
UI_20150317_001258	{#FFFF33}%s{/} is invited to a friend{/}
UI_20150317_001259	{@St41b}Accept
UI_20150317_001260	{@St41b}Refusal
UI_20150317_001261	{@St53b}It is loading your friends list.
UI_20150317_001262	Level %s{/}
UI_20150317_001263	{@st41} Cancel
UI_20150317_001264	Please register the buff to sell.
UI_20150317_001265	Price : %s{/}
UI_20150317_001266	Then remaining number
UI_20150317_001267	{@St41}Purchase
UI_20150317_001268	Remaining number:%s {/}
UI_20150317_001269	{@St41}Item{/}
UI_20150317_001270	{@St41b} Memo
UI_20150317_001271	{@St41b}Craft
UI_20150317_001272	{@St41b}Price : %s{/}
UI_20150317_001273	{@Sti5}Price : %s{/}
UI_20150317_001274	{@Sti9} Party Quest (%s){/}
UI_20150317_001275	{@st41_yellow} Map Explored %s% {/}
UI_20150317_001276	{@st41_yellow} Score %s {/}
UI_20150317_001277	{@st42b}{b}Achievement Rate{/}
UI_20150317_001278	{@st59}Join Party Quest{/}
UI_20150317_001279	Windows
UI_20150317_001280	Status
UI_20150317_001281	Tab
UI_20150317_001282	Image Item
UI_20150317_001283	Effects
UI_20150317_001284	Control Set
UI_20150317_001285	{@St41}Difficulty : %s
UI_20150317_001286	{@St42}Remaining Time : %s
UI_20150317_001287	{@St53}item crafting
UI_20150323_001288	{@st59}Place your item here{/}
UI_20150323_001289	{@st42}Cancel
UI_20150323_001290	{@st42}OK
UI_20150323_001291	{@st43}Briquetting{/}
UI_20150323_001292	Current Potential
UI_20150323_001293	Consume materials
UI_20150323_001294	Consume Qty
UI_20150323_001295	Qty available
UI_20150323_001296	{@sti6}Transaction Record
UI_20150323_001297	{@st43}Basecamp
UI_20150323_001298	Signboard Name
UI_20150323_001299	{@st43}Build
UI_20150323_001300	{@stc1}Длительность костра
UI_20150323_001301	{@stc1}Эффекты
UI_20150323_001302	{@stc1}Материалы и цены
UI_20150323_001303	{@st41b}Костер
UI_20150323_001304	{@st41b}Журнал
UI_20150323_001305	{@st41b}Обновить время
UI_20150323_001306	{@st59}Обновить время{/}
UI_20150323_001307	{@st41b}Длительность костра
UI_20150323_001308	{@st41b}Эффекты
UI_20150323_001309	{@st42b}Костер будет гореть еще 24 часа если его обновить. %s серебра будет потрачено.
UI_20150323_001310	{@st41b}Личный склад
UI_20150323_001311	{@stc1}Использование склада требует %s серебра.{/}
UI_20150323_001312	{@st41}{#ffff00}Зафиксировать цель{/}
UI_20150323_001313	{@st43}Таблица распределения продуктов
UI_20150323_001314	{@st41b}Тип продуктов
UI_20150323_001315	{@st41b}Таблица
UI_20150323_001316	{@st59}Закрыть таблицу распределения продуктов{/}
UI_20150323_001317	{@st43}Гримуар{/}
UI_20150323_001318	{@st59}Закрыть интерфейс Гримуара{/}
UI_20150323_001319	Мои Умения Призыва
UI_20150323_001320	Основная карта
UI_20150323_001321	Вспомогательная карта
UI_20150323_001322	Характеристики
UI_20150323_001323	CON
UI_20150323_001324	INT
UI_20150323_001325	DEX
UI_20150323_001326	CRT
UI_20150323_001327	{@st43}Открыть магазин{/}
UI_20150323_001328	{@st41b}Настройки
UI_20150323_001329	Цена за предмет
UI_20150323_001330	{@st41b}Список Материалов
UI_20150323_001331	{@st43}Обжиг камней{/}
UI_20150323_001332	{@st59}Закрыть интерфейс{/}
UI_20150323_001333	{@st41b}Починить{/}
UI_20150323_001334	{@st41b}Журнал{/}
UI_20150323_001335	Цена получения
UI_20150323_001336	{@st59}Вставить камень сюда{/}
UI_20150323_001337	Требуемые материалы
UI_20150323_001338	Осталось
UI_20150323_001339	{@st42}Закрыть
UI_20150323_001340	{@st43}Починить Оружие{/}
UI_20150323_001341	{@st43}Очинить Амуницию{/}
UI_20150323_001342	{@st41b}Цена
UI_20150323_001343	{@st41b}Материалы
UI_20150323_001344	{@st43}Починить{/}
UI_20150323_001345	{@st41b}Починить{/}
UI_20150323_001346	Уровень умения
UI_20150323_001347	{@st41}Количество игроков для входа
UI_20150323_001348	{@st43}Item upgrade dungeon
UI_20150323_001349	{@st41}Необходимые материалы
UI_20150323_001350	{@st59}Необходимые материалы{/}
UI_20150323_001351	Ожидаемый уровень : %s
UI_20150323_001352	{@st43}Режим выбора{/}
UI_20150323_001353	{@st43}Магазин
UI_20150323_001354	Название магазина
UI_20150323_001355	{@st41b}Открыть магазин
UI_20150323_001356	{@st59}Открыть магазин{/}
UI_20150323_001357	{@st59}Отменить{/}
UI_20150323_001358	{@st59}Закрыть магазин{/}
UI_20150323_001359	Запросить покупку
UI_20150323_001360	{@st59}Закрыть магазин
UI_20150323_001361	{@st59}Магазин{nl} - Продает ваши вещи за серебро
UI_20150323_001362	{@st43}Предметы, которые хочет покупатель{/}
UI_20150323_001363	{@st43}Предметы на продажу
UI_20150323_001364	{@st43}Общая прибыль
UI_20150323_001365	{@st41}Продать
UI_20150323_001366	{@st41}Алхимические материалы
UI_20150323_001367	{@st41}Для алхимии {@stx1}(%s required){/}
UI_20150323_001368	{@st59}Вызвать питомца.{/}
UI_20150323_001369	{@st41b}Персонаж{/}
UI_20150323_001370	{@st59}Гримуар{/}
UI_20150323_001371	{@st41b}Apply Bloom{/}
UI_20150323_001372	{@st41b}Apply Vignette{/}
UI_20150323_001373	{@st41b}Apply FXAA{/}
UI_20150323_001374	{@st41b}Apply GLOW{/}
UI_20150323_001375	{@st41b}Apply Depth {/}
UI_20150323_001376	{@st41b}Apply SoftParticle{/}
UI_20150323_001377	{@st43}Личный склад{/}
UI_20150323_001378	{@st59}Закрыть личный склад.{/}
UI_20150323_001379	{@sti6}Использование склада требует %s серебра..{/}
UI_20150323_001380	{@st59}Alt+Z чтобы сменить оружие{/}
UI_20150323_001381	{@st59}Сохранить настройки Барака{/}
UI_20150323_001382	Сменить Барак
UI_20150323_001383	{@st59}Закрыть окно смены барака
UI_20150323_001384	{@st59}Сменить барак{nl} - Меняет внешний вид и вместительность барака.
UI_20150323_001385	{@st41}закончить просмотр
UI_20150323_001386	{@st46}Мои монеты : %s{/}
UI_20150323_001387	{@st41b}Сменить барак{/}
UI_20150323_001388	{@st59}Украсить барак{/}
UI_20150323_001389	{@st41b}Настройки барака{/}
UI_20150323_001390	{@st59}Изменить настройки барака {/}
UI_20150323_001391	{@st45ty}Приветствие{/}
UI_20150323_001392	{@st45ty}Магазин
UI_20150323_001393	{@st41b}Сменить
UI_20150323_001394	{@st59}Сменить приветствие{/}
UI_20150323_001395	{@st59}Установить магазин{/}
UI_20150323_001396	Количество для покупки : %s{/}
UI_20150323_001397	Поиск придметов для покупки
UI_20150323_001398	Кол-во.
UI_20150323_001399	Цена/ea
UI_20150323_001400	{@sti5}%s ea{/}
UI_20150323_001401	{@st41}Eat
UI_20150323_001402	{@st41}Craft
UI_20150323_001403	{@st41}Craft Qty
UI_20150323_001404	{@st41}Consume Materials
UI_20150401_001405	{@st59}CLsoe Briquetting{/}
UI_20150401_001406	{@st41}Disband Basecamp
UI_20150401_001407	{@st43}%s Circle{/}
UI_20150401_001408	{@st43}Skill{/}
UI_20150401_001409	{@st43}Class Tip{/}
UI_20150401_001410	Class Tip
UI_20150401_001411	{@st42}{#ffff00}Fix Target {/}
UI_20150401_001412	{@st41}Disband table
UI_20150401_001413	{@st43}Tincturing{/}
UI_20150401_001414	Joystick Quick Slot
UI_20150401_001415	{@st42}{#ffff00}Keyboard Mode{/}
UI_20150401_001416	{@st43}Open offerings box
UI_20150401_001417	{@st41b}Open
UI_20150401_001418	{@st41b}Offering box
UI_20150401_001419	{@st41}Offerings box name
UI_20150401_001420	Price paid
UI_20150401_001421	Estimated profit
UI_20150401_001422	Funds
UI_20150401_001423	{@st45tw}Offering box item details
UI_20150401_001424	{@st41}Sell All
UI_20150401_001425	{@st43}Offerings box
UI_20150401_001426	Give offerings
UI_20150401_001427	Settle Transaction
UI_20150401_001428	Estimated Balance
UI_20150401_001429	{@st45tw}Offerings Box
UI_20150401_001430	{@st41}Empty
UI_20150401_001431	{@st43}Current zone user list{/}
UI_20150401_001432	{@st59}Close GM UI list{/}
UI_20150401_001433	{@st41}Party Description :
UI_20150401_001434	{s20}Amount of Poison {s28}{b}{#ff6600}%s
UI_20150401_001435	Materials for Poison
UI_20150401_001436	{@st41b}Select All{/}
UI_20150401_001437	{@st59}Deselect all when clicking again{/}
UI_20150401_001438	{@st41b}Craft{/}
UI_20150401_001439	{@st59}Mix mix turn and mix{/}
UI_20150401_001440	{@st41b}Achievements{/}
UI_20150401_001441	Hair Color
UI_20150401_001442	Title Available
UI_20150401_001443	{@st41b}Joystick UI mode{/}
UI_20150401_001444	{@st41}{#ffffcc}Name
UI_20150401_001445	{@st41}{#ffffcc}Price
UI_20150401_001446	{@st41}{#ffffcc}Status
UI_20150401_001447	{@st41b}Cancel Preview
UI_20150401_001448	{@st41}{#ffff00}My Coins : %s{/}
UI_20150401_001449	Equipped
UI_20150401_001450	Description : {#FFFF00}%s{/}
UI_20150401_001451	Average Level : {#FFFF00}%s{/}
UI_20150401_001452	Conditions
UI_20150401_001453	Title %s
UI_20150401_001454	Reward %s
UI_20150401_001455	{@st42}Amount
UI_20150406_001456	{@st43}Basecamp
UI_20150406_001457	{@st42}Construct
UI_20150406_001458	{@st42}Cancel
UI_20150406_001459	{@stc1}Camp duration
UI_20150406_001460	{@st41b}Basecamp
UI_20150406_001461	{@st41b}Camp duration
UI_20150406_001462	{@st42b}Basecamp last for an additional 24 hours when renewed. {nl}%s silver is consumed.
UI_20150406_001463	{@st41}Disband Camp
UI_20150406_001464	{@st42}Disband Table
UI_20150406_001465	{@st59b}Grimore{nl}{@st59s} - Place card on deck and begin summon{/}
UI_20150406_001466	{@st41}My Summon Skill
UI_20150406_001467	{@st41}Stat
UI_20150406_001468	{@st41b}Offerings Box Name
UI_20150406_001469	{@st41b}Details of item offering
UI_20150406_001470	{@st59}Close Buy-in Shop
UI_20150406_001471	{@st59b}Buy-in Shop{nl}{@st59s} - Trade items for silver
UI_20150406_001472	{@st41b}Client's item request{/}
UI_20150406_001473	{@st41b}Registered iem for sale{/}
UI_20150406_001474	{@st41b}Total income
UI_20150406_001475	{@st41b}Sell
UI_20150406_001476	{@st59}Sell registered item{/}
UI_20150406_001477	{@st59}Close Personal Storage{/}
UI_20150406_001478	{@st41b} %s silver is consumed when storing and taking items from Storage.{/}
UI_20150406_001479	{@st41b}Qty.
UI_20150414_001480	{@st42b}Camp duration is increased when reset.{nl} Costs %s silver .
UI_20150414_001481	{@st41b}Type {@sti7}%s{/}
UI_20150414_001482	{@st41b}Control Difficulty {@sti7}%s{/}
UI_20150414_001483	{@st59b} Item {/}
UI_20150414_001484	{@st59b} Monster {/}
UI_20150414_001485	{@st59b} Move Map {/}
UI_20150414_001486	{@st59b} Battle Command {/}
UI_20150414_001487	{s26}{b}ea
UI_20150414_001488	{s26}{b}Level
UI_20150414_001489	{@st44}{s26}Level
UI_20150414_001490	{@st59b}{s26}ea
UI_20150414_001491	{@st41b}Cook
UI_20150414_001492	{@st41b}Food
UI_20150414_001493	{@st42}Disband table
UI_20150414_001494	{@st41b}Record{/}
UI_20150414_001495	{@st41}Party Description
UI_20150414_001496	{@st41b}Enter{/}
UI_20150414_001497	Roasting Level %s
UI_20150428_001498	{@st43}Buy-in Shop{/}
UI_20150428_001499	{@st41b}Close
UI_20150428_001500	{@st41b}Bug Report
UI_20150428_001501	{@st59}Notify about problem{/}
UI_20150428_001502	You game play screen until now will be sent when you make a bug report. The replay file will be of much help in fixing the bug. Do you wish to send it?
UI_20150428_001503	{@st41b}Bug description :{/}
UI_20150428_001504	{@st41b}Entering bug desciption is not a requirement but it will help us a lot in analyzing the bug.
UI_20150428_001505	{@st41b}Send
UI_20150428_001506	{@st42}{s14}{#ffff00}Lock Target{/}
UI_20150428_001507	{@st59}Fix target regardless of distance or direction
UI_20150428_001508	Party match found!
UI_20150428_001509	Joystick Rest Quickslot
UI_20150428_001510	{@st41b}Rest Mode
UI_20150428_001511	Joypad Tutorial
UI_20150428_001512	{@st59}Close Joypad tutorial.(M){/}
UI_20150428_001513	Keyboard Tutorial
UI_20150428_001514	{@st44}Logout{/}
UI_20150428_001515	{@st41b}Leave Helper(%s iCoins needed){/}
UI_20150428_001516	Socket Addition Cost : {#ff9933}%s{/}{nl}Gem Removal Cost : {#ff9933}%s{/}
UI_20150428_001517	{@st41b}Remove Gem
UI_20150428_001518	{@st42}{s14}{#ffff00}UI Mode{/}
UI_20150428_001519	{@st59}Use keyboard or joypad to control UI
UI_20150428_001520	Use Search Party 
UI_20150428_001521	When a character matching your party conditions is found {nl}[Party match found!] notice will be shown.
UI_20150428_001522	{@st41}Play Style{/}
UI_20150428_001523	Quest 
UI_20150428_001524	Hunt
UI_20150428_001525	Event
UI_20150428_001526	{@st41}Level Difference{/}
UI_20150428_001527	Not related
UI_20150428_001528	{@st41}Desired Class Type{/}
UI_20150428_001529	{@st41b}Leave Party
UI_20150428_001530	{@st59}Search by party description{/}
UI_20150428_001531	{s18}{ol}{gr gradation1}Helper Rules{/}
UI_20150428_001532	{@st59}Proceed manufacturing.{/}
UI_20150428_001533	{@st45ty}Hair Color
UI_20150428_001534	{@st45ty}Title Available
UI_20150428_001535	{@st41_yellow}Helper Skill
UI_20150428_001536	{@st41b}Show other character names{/}
UI_20150428_001537	{@st43}UI Mode{/}
UI_20150428_001538	{@st41b}Auto{/}
UI_20150428_001539	{@st41b}Joypad{/}
UI_20150428_001540	{@st41b}Keyboard{/}
UI_20150428_001541	Joypad
UI_20150428_001542	{@st59}Joypad Info{/}
UI_20150428_001543	Keyboard
UI_20150428_001544	{@st59}Keyboard Info{/}
UI_20150428_001545	{@st43}Graphic Settings{/}
UI_20150428_001546	{@st43}Performance{/}
UI_20150428_001547	{@st41b}Low-spec Mode{/}
UI_20150428_001548	{@st41b}Auto Adjustment{/}
UI_20150428_001549	{@st41b}Don't use{/}
UI_20150428_001550	Game FAQ
UI_20150428_001551	Players : (%s/%s)
UI_20150428_001552	At least level 100 : (%s/%s)
UI_20150511_001553	{@st41}Link Party Invitation
UI_20150714_001554	{@st66b}Items Sold : %s ea / Items Unsold : %s ea{/}
UI_20150714_001555	{@st41b}Transaction Record
UI_20150714_001556	{@st41b}Disband Camp
UI_20150714_001557	Card Battle
UI_20150714_001558	{@st64}%s Win(s) {/}
UI_20150714_001559	Select Card
UI_20150714_001560	Adventure Rank{#ffff00}%s{/} ({#ffff00}%s{/} ranking)
UI_20150714_001561	{@st66b}Like!
UI_20150714_001562	I like this character {#ffff00}%s{/}
UI_20150714_001563	{@st41b}Disband Foold Distribution Counter
UI_20150714_001564	{@st42}My summon skill
UI_20150714_001565	{@st42}Stat
UI_20150714_001566	{@st42}Current Location : %s{/}
UI_20150714_001567	{@st59b}Equipments {nl}{@st59s} - Hair/Costume : Change character appearance {nl} - Weapons : One-hand or two-hand weapons {nl}    (sub-weapon/shield can be used with one-hand weapon) {nl} - Armor : Top, Pants, Gloves, Shoes {nl} - Accessories : 1 Necklace and 2 Bracelets {nl} {/}
UI_20150714_001568	{@st43}Open %s shop {/}
UI_20150714_001569	{@st41b}Roasting{/}
UI_20150714_001570	{@st66}Select All
UI_20150714_001571	{@st43}Craft Arrow{/}
UI_20150714_001572	{@st59} Close UI{/}
UI_20150714_001573	{@st66b}Check{/}
UI_20150714_001574	{@st66b}Leave Helper(Coins %s are required){/}
UI_20150714_001575	Socket Add Price : {#000000}%s{/} {nl}Gem Extract Price : {#000000}%s{/}
UI_20150714_001576	{ds}Recommend Levels : %s
UI_20150714_001577	Explored : 50.0%
UI_20150714_001578	{@st45tw}[Explored %s%]{/}
UI_20150714_001579	>>More Views..
UI_20150714_001580	%s (%s Rank)
UI_20150714_001581	Job Name
UI_20150714_001582	{@st41b}Invite
UI_20150714_001583	{@st41}If you want to use the Joypad or Mouse, choose from the Settings in System Menu.{nl}
UI_20150714_001584	When you meet character matching your party conditions, {nl}[Party match found!] notice will be shown.{nl}You will also be recommended to other parties.
UI_20150714_001585	{@st42}Play Style{/}
UI_20150714_001586	{@st42}Level Difference{/}
UI_20150714_001587	Any
UI_20150714_001588	{@st42}Class Type{/}
UI_20150714_001589	{@st42}Party Name : %s{/}
UI_20150714_001590	{@st42}Description{/}
UI_20150714_001591	{@st42}Enter{/}
UI_20150714_001592	{@st42}Item Distribution Rule
UI_20150714_001593	{@st42}EXP Distribution Rule
UI_20150714_001594	Get Separately
UI_20150714_001595	Equal Distribution
UI_20150714_001596	Different by Level
UI_20150714_001597	{@st42}Quest Share
UI_20150714_001598	Disable
UI_20150714_001599	{@st42}Register as Public Party{/}
UI_20150714_001600	Level
UI_20150714_001601	{@st42}Use 'Recommend Party'{/}
UI_20150714_001602	By Distance
UI_20150714_001603	By Class
UI_20150714_001604	By Level
UI_20150714_001605	By Quest
UI_20150714_001606	By Friendship
UI_20150714_001607	{@st42}Share Party Invitation Link
UI_20150714_001608	>>Party Preview..
UI_20150714_001609	Party Name : %s
UI_20150714_001610	Party Description : %s
UI_20150714_001611	Organization Time : %s ago
UI_20150714_001612	Party Members : %s/5
UI_20150714_001613	Join
UI_20150714_001614	{@st59}Search by Party Name or Description{/}
UI_20150714_001615	Simple Help Details
UI_20150714_001616	{@st43}Message Box
UI_20150714_001617	{@st41b}Entire
UI_20150714_001618	{@st41b}Unread
UI_20150714_001619	{@st43}{s22}Choose a character to receive items.{/}
UI_20150714_001620	{@st41b}Enhancement
UI_20150714_001621	{@st66}List items for repair
UI_20150714_001622	{@st43}Simoni
UI_20150714_001623	{@st59}Increase skills{/}
UI_20150714_001624	{@st59}Close Skills and Attribute{/}
UI_20150714_001625	{@st43}Skills and Attributes{/}
UI_20150714_001626	Remaining Status Points {nl}{@st46}%s
UI_20150714_001627	Likes Received : %s
UI_20150714_001628	{@st66b}Show EXP acquired{/}
UI_20150714_001629	{@st66b}Show Character Name{/}
UI_20150714_001630	{@st66b}Show Team Name Only{/}
UI_20150714_001631	{@st66b}Show Other Players' Names{/}
UI_20150714_001632	{@st66b}Auto{/}
UI_20150714_001633	{@st66b}Joypad{/}
UI_20150714_001634	{@st66b}Keyboard{/}
UI_20150714_001635	{@st66b}Mouse
UI_20150714_001636	{@st66b}Full Screen{/}
UI_20150714_001637	{@st66b}Window Mode{/}
UI_20150714_001638	{@st66b}Sound Effects Volume (%s){/}
UI_20150714_001639	{@st66b}BGM Volume (%s){/}
UI_20150714_001640	{@st66b}Volume (%s){/}
UI_20150714_001641	{@st66b}Low Mode{/}
UI_20150714_001642	{@st66b}Auto Setup{/}
UI_20150714_001643	{@st66b}Don't Use{/}
UI_20150714_001644	{@st66b}Apply Bloom{/}
UI_20150714_001645	{@st66b}Apply Vignette{/}
UI_20150714_001646	{@st66b}Apply FXAA{/}
UI_20150714_001647	{@st66b}Apply GLOW{/}
UI_20150714_001648	{@st66b}Apply Depth{/}
UI_20150714_001649	{@st66b}Apply Soft Particle{/}
UI_20150714_001650	{@st66b}Apply High Texture {/}
UI_20150714_001651	{@st66b}Vertical Sync On{/}
UI_20150714_001652	{@st66b}Vertical Sync Off{/}
UI_20150714_001653	{@st66b} %s silver is consumed when storing and taking items from Storage.{/}
UI_20150714_001654	%s like me
UI_20150714_001655	{@st41}Watch
UI_20150714_001656	{@st66b}Exit Watch
UI_20150714_001657	Found match. Do you want to join?
UI_20150714_001658	{@st41}Join
UI_20150714_001659	{@st41}Reject
UI_20150714_001660	End Game
UI_20150714_001661	Death
UI_20150714_001662	Damage
UI_20150714_001663	{@st41}Return to the zone
UI_20150714_001664	{@st41b}Return to the zone in just %s seconds...{/}
UI_20150714_001665	{@st59}Open Message Box{/}
UI_20150714_001666	{@st42}Change Lodge{/}
UI_20150714_001667	{@st42}Lodge Settings{/}
UI_20150714_001668	{@st65}%s score{/}
UI_20150714_001669	{@st65}%s ea{/}
UI_20150714_001670	{@st65}% score{/}
UI_20150714_001671	{@st65}%s ea{/}
UI_20150714_001672	0
UI_20150714_001673	{#000000}%s seconds
UI_20150714_001674	{#000000}%s equipped
UI_20150714_001675	Party Name : {#2c140c}%s{/}
UI_20150714_001676	Description : {#2c140c}%s{/}
UI_20150714_001677	Average Level : {#2c140c}%s{/}
UI_20150714_001678	Looking Party Player : {#2c140c}%s{/}
UI_20150714_001679	Quest Share : {#2c140c}%s{/}
UI_20150714_001680	EXP Distribution Rule : {#2c140c}%s{/}
UI_20150714_001681	Item Distribution Rule : {#2c140c}%s{/}
UI_20150714_001682	Did you have good time with party?
UI_20150714_001683	{@st42} obtained %s by %s
UI_20150714_001684	{@st42} enhanced %s by%s
UI_20150714_001685	Memo :%s
UI_20150714_001686	{@st59}Add the materials to item slot.{/}
UI_20150714_001687	{@st66b}Price : %s{/}
UI_20150714_001688	Character Greetings
UI_20150714_001689	Buy-in Shop
UI_20150714_001690	%s ea
UI_20150714_001691	{@41b}Conditions
UI_20150714_001692	{@st41}Delete
UI_20150714_001693	{@st41}Refresh
UI_20150717_001694	Like this player {#ffff00}%s{/}
UI_20150717_001695	{@st41b}{s56}This game is {#0066FF}
UI_20150717_001696	Rated T.
UI_20150717_001697	{s40} {nl}Playing the game for long hours may negatively affect your health.{/}e
UI_20150717_001698	{@st66b}Enter
UI_20150717_001699	{@st42}My Summon Info
UI_20150717_001700	You movement slows down when you do not have enough{@st59}STA{/}
UI_20150717_001701	{@st59}Arrange Inventory{/}
UI_20150717_001702	Arrange
UI_20150717_001703	{@st59}Close Joypad Control Info.{/}
UI_20150717_001704	{@st59}Close Keyboard Control info.{/}
UI_20150717_001705	Mouse Tutorial
UI_20150717_001706	{@st59}Close Mouse Control Info.{/}
UI_20150717_001707	Attack : %s
UI_20150717_001708	Defense  : %s
UI_20150717_001709	STR : %s
UI_20150717_001710	CON : %s
UI_20150717_001711	INT : %s
UI_20150717_001712	DEX : %s
UI_20150717_001713	SPR : %s
UI_20150717_001714	{@st42}{b}  For Swordsman, press key twice to dash{/}
UI_20150717_001715	{@st42}Party Details{/}
UI_20150717_001716	{@st42}Insert Party Invitation Tag
UI_20150717_001717	{@st41b}Public Party List{/}
UI_20150717_001718	{@st41b}Recommended Characters{/}
UI_20150717_001719	{@st41b}Search
UI_20150717_001720	This can only be used by party leaders.
UI_20150717_001721	You must use the Party Member Recommendation function.
UI_20150717_001722	{@st66b}Quest Class Name{/}
UI_20150717_001723	{@st59b}Shop{nl}{@st59s} - Use Shift + Right-click and enter quantity to buy/sell multiple items{nl} - Right-click twice to sell all the item{/}
UI_20150717_001724	{@st59}Mouse Info{/}
UI_20150717_001725	{@st66b}Arrange
UI_20150717_001726	{@st59}Arrange items.{/}
UI_20150717_001727	{@st59}Equip weapon{nl}Alt+Z to change weapons{/}
UI_20150717_001728	Watch as observer
UI_20150717_001729	{@st41}Battle Field
UI_20150717_001730	Results
UI_20150717_001731	{@st41}Move Immediately
UI_20150717_001732	{@St41b}       The Team Name represents your characters.{nl}      It is the common name used within the game.{nl}               Team Name may be changed later on.{/}
UI_20150729_001733	{@st42}Show only available{/}
UI_20150729_001734	Leg Count
UI_20150729_001735	Height
UI_20150729_001736	Weight
UI_20150729_001737	{@st43}Gem Roasting{/}
UI_20150729_001738	{@st59b}Item Crafting{nl}{@st59s} - You can craft items using its recipes{nl} - Place the recipe and materials on the slot then craft{nl} - You can attach name and memo on the item{/}
UI_20150729_001739	{@st59}Close Arrow Crafting.{/}
UI_20150729_001740	Fragments needed : Mutant %s / Beast %s / Plant %s
UI_20150729_001741	{@st42b}Swordsman types can run by double tapping directional key.{/}
UI_20150729_001742	{@st41}Party Settings
UI_20150729_001743	{@st41}Party Gathering Settings
UI_20150729_001744	{@st42}User Party Search Function{/}
UI_20150729_001745	If there is a player matching your conditions, [Patry condition matched!] message will be shown.
UI_20150729_001746	{@st41b}Recommended Player List{/}
UI_20150729_001747	{@st41}Attribute Information
UI_20150729_001748	{@st59}Cancel Enhancement{/}
UI_20150729_001749	{@st59b}Gem/Card Enhancement{nl}{@st59s} - Select Gem or Card to enhance from your inventory{nl} - All items except quest items can be used as materials{nl} (Most effective when using Gem as material){nl} - Card can only be enhanced by using other cards{/}
UI_20150729_001750	{#000000}{s22}Waiting to enter server..
UI_20150729_001751	{#000000}{s22}Server full. Queing for entry.
UI_20150729_001752	{#000000}{s22}Current Rank : %s
UI_20150729_001753	{@st43}Team Battle League
UI_20150729_001754	{@st59}Close Team Battle League
UI_20150729_001755	{@st42}Team Battle League Schedule
UI_20150729_001756	{@st43}Team Battle League Rankings
UI_20150729_001757	{@st59}Close Team Battle League Rankings
UI_20150729_001758	Team Name
UI_20150729_001759	{@st41b}Skill Name
UI_20150729_001760	{@st59}Accept Party Mission{/}
UI_20150729_001761	{@st59}Delete this ticket.{/}
UI_20150729_001762	Score
UI_20150729_001763	Join Team Battle League
UI_20150730_001764	{@st56}My Rank
UI_20150730_001765	{@st56}Kill Rank
UI_20150730_001766	{@st56}Damage Rank
